seller_id,seller_city,seller_state,total_revenue,total_orders,total_items_sold,avg_order_value,avg_review_score,low_review_score_pct,avg_delivery_days,delay_rate_pct,avg_delay_days
0015a82c2db000af6aaaf3ae2ecb0532,"santo andre",SP,2685.00,3,3,895.00,NULL,NULL,10.33,0.00,-16.33
001cca7ae9ae17fb1caed9dfb1094831,cariacica,ES,24487.03,195,234,125.57,NULL,NULL,12.63,5.13,-13.21
002100f778ceb8431b7a1020ff7ab48f,franca,SP,1216.60,50,54,24.33,NULL,NULL,15.78,16.67,-8.19
003554e2dce176b5555353e4f3555ac8,goiania,GO,120.00,1,1,120.00,NULL,NULL,4,0.00,-27
004c9cd9d87a3c30c522c48c4fc07416,ibitinga,SP,19569.73,156,168,125.45,5.00,0.00,13.96,5.95,-11.98
00720abe85ba0859807595bbf045a33b,guarulhos,SP,1007.50,13,26,77.50,NULL,NULL,8.15,7.69,-12.73
00ab3eff1b5192e5f1a63bcecfee11c8,"sao paulo",SP,98.00,1,1,98.00,NULL,NULL,9,0.00,-10
00d8b143d12632bad99c0ad66ad52825,"belo horizonte",MG,86.00,1,1,86.00,NULL,NULL,7,0.00,-22
00ee68308b45bc5e2660cd833c3f81cc,"sao paulo",SP,20260.00,135,172,150.07,NULL,NULL,8.73,6.40,-10.86
00fc707aaaad2d31347cf883cd2dfe10,maringa,PR,12684.90,103,135,123.15,NULL,NULL,15.35,3.70,-15.53
010543a62bd80aa422851e79a3bc7540,"sao paulo",SP,1416.00,2,2,708.00,NULL,NULL,8.5,0.00,-8.5
010da0602d7774602cd1b3f5fb7b709e,"sao bernardo do campo",SP,849.50,1,5,849.50,NULL,NULL,26,0.00,-10
011b0eaba87386a2ae96a7d32bb531d1,pompeia,SP,99.98,1,2,99.98,NULL,NULL,25,0.00,-30
01266d4c46afa519678d16a8b683d325,curitiba,PR,90.25,3,3,30.08,NULL,NULL,5.33,0.00,-9.33
013900e863eace745d3ec7614cab5b1a,curitiba,PR,1619.70,23,26,70.42,NULL,NULL,11.04,0.00,-16.12
014c0679dd340a0e338872e7ec85666a,timoteo,MG,7058.00,14,15,504.14,NULL,NULL,18.53,13.33,-11.67
014d9a685fd57276679edd00e07089e5,maringa,PR,729.88,11,12,66.35,NULL,NULL,8.5,0.00,-12.58
0176f73cc1195f367f7b32db1e5b3aa8,ibitinga,SP,4643.20,37,38,125.49,NULL,NULL,12.95,10.53,-8.74
01bcc9d254a0143f0ce9791b960b2a47,uruacu,GO,1393.21,10,10,139.32,4.00,0.00,12.4,0.00,-18.3
01c97ebb5cdac52891c0ed1c37ba0012,catanduva,SP,577.50,9,12,64.17,NULL,NULL,12.33,0.00,-9.33
01cf7e3d21494c41fb86034f2e714fa1,"francisco beltrao",PR,9439.56,59,65,159.99,4.00,0.00,11.08,4.62,-15.18
01ed254b9ff8407dfb9d99ba1e17d923,"mogi das cruzes",SP,1465.99,5,5,293.20,NULL,NULL,6.4,0.00,-17
01fd077212124329bac32490e8ef80d9,"ribeirao preto / sao paulo",SP,1208.00,31,39,38.97,NULL,NULL,7.67,2.56,-11.95
01fdefa7697d26ad920e9e0346d4bd1b,londrina,PR,14802.53,128,130,115.64,NULL,NULL,10.28,5.38,-13.73
0241d4d5d36f10f80c644447315af0bd,curitiba,PR,31397.70,238,246,131.92,1.00,100.00,10.46,4.47,-13.02
0249d282d911d23cb8b869ab49c99f53,"sao paulo",SP,393.00,11,11,35.73,NULL,NULL,9.82,18.18,-8.36
024b564ae893ce8e9bfa02c10a401ece,"sao paulo",SP,706.40,2,8,353.20,NULL,NULL,18,0.00,-40.5
028872bfa080090a9d0abd4f1af168f8,"ribeirao das neves",MG,70.50,1,3,70.50,NULL,NULL,16,0.00,-15
02b72cdeb9cfcc429f1af6f4e3f3b737,ibitinga,SP,522.65,4,4,130.66,NULL,NULL,12,0.00,-9
02c988090b766852e088c69d7fb3b551,americana,SP,1564.37,12,16,130.36,NULL,NULL,8.06,0.00,-10.81
02d35243ea2e497335cd0f076b45675d,natal,RN,5794.00,14,16,413.86,NULL,NULL,25.44,25.00,-6.25
02dcd3e8e25bee036e32512bcf175493,contagem,MG,1341.90,13,15,103.22,NULL,NULL,16.87,33.33,-5.93
02ecc2a19303f05e59ce133fd923fff7,"santo andre",SP,5264.19,21,24,250.68,NULL,NULL,10.38,0.00,-15.04
02f5837340d7eb4f653d676c7256523a,curitiba,PR,3883.05,30,30,129.44,NULL,NULL,9.17,3.33,-17.33
02f623a8eb246f3c5f7c2f96462654e6,botucatu,SP,6378.00,44,44,144.95,NULL,NULL,8.07,6.82,-10.7
0307f7565ff85b299b6e5ef162b1b1a9,"sao jose do rio preto",SP,4711.90,6,6,785.32,NULL,NULL,14.67,0.00,-16.67
0336182e1b3e92f029d5354832045fdf,ibitinga,SP,29.80,1,2,29.80,NULL,NULL,13,0.00,-42
034b9387752bfa309f350a70cd45ffa3,blumenau,SC,96.00,8,8,12.00,NULL,NULL,8.12,0.00,-15.38
038b75b729c8a9a04b0d07cba7eabe86,"sao jose dos campos",SP,467.00,2,2,233.50,NULL,NULL,22.5,50.00,-1.5
039b29ff3b3473435d0cd59040575de9,"ribeirao pires",SP,114.90,9,9,12.77,NULL,NULL,8.56,0.00,-10.78
039e6ad9dae79614493083e241147386,"sao paulo",SP,12925.00,5,5,2585.00,NULL,NULL,14,20.00,-12.2
03a2a6dcbe45d639c4dc2a0d24769c40,maua,SP,1078.41,9,9,119.82,NULL,NULL,9.89,11.11,-12.56
03bd479e1d9484cdb14104d3023f7321,uberlandia,MG,359.70,3,3,119.90,NULL,NULL,20.33,0.00,-5.67
0417b067eeab773d2f7061a726dc477f,"sao bento do sul",SC,1859.18,13,13,143.01,NULL,NULL,17.31,23.08,-3.92
042573af89b6d931f672efaf789d8358,sorocaba,SP,413.48,3,3,137.83,NULL,NULL,19.67,33.33,-1
04308b1ee57b6625f47df1d56f00eedf,bombinhas,SC,58991.80,92,92,641.22,5.00,0.00,18.42,7.61,-11.58
0432ead42b6c8a0bdf68154add917fdf,maua,SP,7574.40,82,87,92.37,NULL,NULL,8.33,2.30,-13.46
044668ccd5316b12a7cf0d54a156e3e9,osasco,SP,137.80,3,4,45.93,NULL,NULL,7,0.00,-25
04843805947f0fc584fc1969b6e50fe7,ivoti,RS,1400.00,1,2,1400.00,NULL,NULL,15,0.00,0
048c2757535328e0d7dac690ad3c0aae,franca,SP,9065.08,50,50,181.30,NULL,NULL,18.04,12.00,-10
04aa0a1c5ce6b222003403a3e11c3cc0,cosmopolis,SP,5518.00,11,17,501.64,NULL,NULL,15.88,11.76,-16.53
04aba03279157f6d4e0fe8ccaf21963c,"santo antonio de padua",RJ,2416.00,15,15,161.07,NULL,NULL,11.2,6.67,-13.93
04e38a233f726ef161074ab1c9b0399a,"sao paulo",SP,991.60,19,24,52.19,5.00,0.00,11.08,4.17,-5.79
04ee0ec01589969663ba5967c0e0bdc0,lajeado,RS,289.49,1,1,289.49,NULL,NULL,3,0.00,-13
04fdea0c111866e6cf812f1570d6b5bd,"sao paulo",SP,865.00,8,8,108.13,NULL,NULL,17.5,12.50,-10.25
0509040ea3fe50071181bbc359eb7738,"belo horizonte",MG,3689.35,87,96,42.41,NULL,NULL,10.98,4.17,-10.76
052577151711aec5c744fe12e66db3e1,rodeio,SC,687.00,1,1,687.00,NULL,NULL,14,0.00,-12
054694fa03fe82cec4b7551487331d74,itajobi,SP,8286.10,20,21,414.31,NULL,NULL,29.71,28.57,-1.95
056b4ada5bbc2c50cc7842547dda6b51,queimados,RJ,12203.40,64,65,190.68,5.00,0.00,12.31,10.77,-12.46
0570350b23eda5444f8d1d9544932058,"sao paulo",SP,626.90,6,11,104.48,NULL,NULL,4,0.00,-13.09
05730013efda596306417c3b09302475,criciuma,SC,952.00,4,4,238.00,NULL,NULL,9,0.00,-11.5
058cb5aeb36d7c0fcae20fc85d5e0a59,"rio de janeiro",RJ,1236.00,11,12,112.36,NULL,NULL,9.33,8.33,-11.58
058fd0aa2bfdb2274e05e1ae971dabb6,"santo andre",SP,7549.90,60,63,125.83,NULL,NULL,9.78,7.94,-11.81
05a48cc8859962767935ab9087417fbb,"sao paulo",SP,42.90,1,1,42.90,NULL,NULL,11,0.00,-18
05a940b4ecae36cadfd8e93bd9c43257,goiania,GO,695.10,9,9,77.23,NULL,NULL,13.78,0.00,-14.89
05aebce0b5c8f0d41b29b686f2d05fd3,"sao paulo",SP,74.99,2,2,37.50,NULL,NULL,5.5,0.00,-2.5
05ca864204d09595ae591b93ea9cf93d,barueri,SP,179.90,1,1,179.90,NULL,NULL,5,0.00,0
05d2173d43ea568aa0540eba70d2ca76,alfenas,MG,5759.66,62,66,92.90,NULL,NULL,14.26,4.55,-11.61
05e107217c7266362fd44b75b2cd4cc4,"sao paulo - sp",SP,193.38,5,8,38.68,NULL,NULL,6.38,25.00,-4.75
05f51e13da97139648b8125c31e5f51b,"belo horizonte",MG,13100.31,57,60,229.83,NULL,NULL,11.92,15.00,-9.95
05feb94f19d094d4b0f9281f0b1d4c99,"mogi das cruzes",SP,9353.00,6,6,1558.83,NULL,NULL,14.83,0.00,-13.33
05ff92fedb5be47920fea08e501238b9,"santo angelo",RS,21235.98,57,60,372.56,4.00,0.00,11.78,3.33,-17.83
062c325cd6a2b87845fab56b4ec2eeae,"sao paulo",SP,133.22,2,2,66.61,NULL,NULL,5,0.00,-9.5
062ce95fa2ad4dfaedfc79260130565f,lajeado,RS,7479.10,54,59,138.50,NULL,NULL,12.75,3.39,-13.47
06532f10282704ef4c69168b914b77be,paincandu,PR,9827.95,7,8,1403.99,NULL,NULL,16.12,0.00,-12.88
06579cb253ecd5a3a12a9e6eb6bf8f47,"sao paulo - sp",SP,4587.40,61,70,75.20,5.00,0.00,10.49,10.00,-9.11
066a6914e1ebf3ea95a216c73a986b91,"foz do iguacu",PR,8956.38,66,72,135.70,NULL,NULL,13.64,4.17,-16.78
0691148aee60ca47977c187804f935ae,londrina,PR,5868.51,47,53,124.86,NULL,NULL,12.58,3.77,-12.75
0692610d8abe24f287e9fae90ea0bbee,"sao paulo",SP,173.99,4,4,43.50,NULL,NULL,6.25,25.00,-6.25
06a2c3af7b3aee5d69171b0e14f0ee87,"sao luis",MA,36097.98,389,402,92.80,4.00,0.00,17.27,19.40,-11.26
06bb3a2fe5e7b7a845b13e8fb91bd944,"belo horizonte",MG,1536.19,17,18,90.36,NULL,NULL,8.33,0.00,-13.83
06df0c10d34e459d9672bc77388742eb,maringa,PR,9070.00,26,30,348.85,NULL,NULL,9.2,3.33,-14.67
06e5eefc71ec47ae763c5c6f8db7064f,"porto alegre",RS,21648.67,90,93,240.54,NULL,NULL,10.54,0.00,-16.91
07017df32dc5f2f1d2801e579548d620,"joao pessoa",PB,946.49,8,9,118.31,NULL,NULL,9.67,0.00,-25.33
070d165398b553f3b4b851c216b8a358,"sao paulo",SP,3333.17,31,38,107.52,NULL,NULL,10.63,10.53,-9.08
0725b8c0f3f906e58f70cbe76b7c748c,guarulhos,SP,2161.52,16,36,135.10,NULL,NULL,11.22,11.11,-15.58
0743a0239d764b9a0f959a57d07e36ab,"sao paulo",SP,336.96,4,4,84.24,NULL,NULL,4.75,0.00,-7
0747d5bb69f0586cc869d8af4c50f93e,saquarema,RJ,322.80,12,13,26.90,NULL,NULL,13.85,7.69,-16.31
0761743cbffb25d7148189e9f1a5f03a,"ribeirao preto",SP,241.20,3,7,80.40,4.00,0.00,13.86,0.00,-8.14
077c5fae4bea9500e3737b16f71b9d3a,sorocaba,SP,106.80,4,6,26.70,NULL,NULL,7.5,0.00,-9.83
0791d9fc1e30678ecf03d3e55fa108d3,"belo horizonte",MG,842.00,5,11,168.40,NULL,NULL,5.73,0.00,-18.27
079d295dcbf06ee8bb1b65ba964eb2b6,"sao paulo",SP,349.30,5,10,69.86,NULL,NULL,6.3,0.00,-10.6
07a9bc7f61396b658ddf3ac534efe44c,"sao paulo",SP,119.90,1,1,119.90,NULL,NULL,5,0.00,-5
07bf9669d84d1f11be443a9dd938f698,"sao paulo",SP,1776.00,18,24,98.67,NULL,NULL,8.29,0.00,-19.12
07d75e33f2750d97d467fb57e4dfdd8a,"sao paulo",SP,722.40,2,2,361.20,NULL,NULL,11.5,0.00,-11.5
07de60b03d150fb3ea09eab5da5e4c8b,ibitinga,SP,719.10,9,9,79.90,NULL,NULL,12.89,11.11,-12.67
07e8e8fc5222bb358e6f259da3197074,"sao paulo",SP,51.80,2,2,25.90,NULL,NULL,8,0.00,-6.5
080102cd0a76b09e0dcf55fcacc60e05,"belo horizonte",MG,5612.65,122,128,46.01,NULL,NULL,9.3,3.91,-11.88
080199a181c46c657dc5aa235411be3b,osasco,SP,14504.20,79,83,183.60,NULL,NULL,7.63,1.20,-9.65
08061dc0fc165ed41288cc7acde738ee,osasco,SP,123.80,4,4,30.95,NULL,NULL,19.5,25.00,-1
08084d990eb3f53af056ccbc1730c8a7,"sao paulo",SP,372.50,12,12,31.04,NULL,NULL,8,0.00,-15.75
081acf3de680d554796c9cf041be7bc2,vespasiano,MG,1597.30,4,8,399.33,NULL,NULL,13.12,12.50,-18
082e0bf4cb865a6533b1e8e498cc0255,botucatu,SP,2073.30,11,23,188.48,NULL,NULL,12.74,13.04,-17.78
085f6f7e049c996695fb2074fe38d45e,taubate,SP,305.40,6,8,50.90,NULL,NULL,10.12,0.00,-15.25
08633c14ef2db992c11f840f04fad4cd,"ribeirao pires",SP,7644.30,74,97,103.30,NULL,NULL,9.72,5.15,-11.85
0873d9f8f36123f8d910f4760e788cfb,barueri,SP,7265.59,6,6,1210.93,NULL,NULL,12.83,33.33,-7.83
0885aaf116795758dfeb5f1032487bcd,"ferraz de vasconcelos",SP,2573.10,27,29,95.30,NULL,NULL,5.24,0.00,-11.45
0887a9f087bcd5d9f6642b52f897fc6c,cananeia,SP,1642.00,12,12,136.83,NULL,NULL,13.58,8.33,-12.42
08ad4ac1388e4420ca531c3edfc46198,itapevi,SP,221.62,6,7,36.94,NULL,NULL,6.57,0.00,-12.14
08cdbae123ff67ca4e36d9d641ce0119,uba,MG,3098.99,4,6,774.75,NULL,NULL,28.83,66.67,4.17
08d0949a9a17c027262db1f3c450c26c,cascavel,PR,324.80,12,12,27.07,NULL,NULL,13.75,0.00,-11.75
08d1c9478fb0d7d7fcac9c0da4e82fc7,"belo horizonte",MG,538.00,1,1,538.00,NULL,NULL,10,0.00,-13
08d2d642cf72b622b14dde1d2f5eb2f5,marilia,SP,909.00,16,20,56.81,NULL,NULL,14.45,10.00,-11.4
08f5819815f3d06545011850bd70f0a8,santos,SP,452.00,3,3,150.67,NULL,NULL,7.67,0.00,-15.33
091065b789659bc3cd9af9cb3a6253ff,canoas,RS,1359.00,2,2,679.50,NULL,NULL,11,0.00,-11
0936e1837d0c79253456bbb2ffaaef10,"sao paulo",SP,38.90,1,2,38.90,NULL,NULL,18,0.00,-12
093805f8f2aeb63881444571e1f48f30,osasco,SP,1215.79,22,27,55.26,NULL,NULL,7.74,3.70,-10.78
094ced053e257ae8cae57205592d6712,"ribeirao preto",SP,1519.20,19,19,79.96,NULL,NULL,11.79,0.00,-15.68
0951a6e282947e09cd47969f4ed0b47f,"taboao da serra",SP,492.30,7,7,70.33,NULL,NULL,4.29,0.00,-7.57
09883d9ab71c8fe8a9bfc7fc3075b07e,"sao paulo",SP,269.60,4,4,67.40,NULL,NULL,14,25.00,-5.25
099095b050cfe8eb1ddff5317587e96e,"sao paulo",SP,5003.84,16,19,312.74,NULL,NULL,10,15.79,-11.32
09bad886111255c5b5030314fc7f1a4a,"sao paulo",SP,487.50,5,5,97.50,NULL,NULL,6,0.00,-4.4
09f952a5f58d2285b0372551ae8f9b01,"sao bernardo do campo",SP,11821.50,50,56,236.43,NULL,NULL,12.66,5.36,-12.12
0a198e95d32b1be2da9424c962a6ebfa,contagem,MG,69.99,1,1,69.99,NULL,NULL,16,0.00,-4
0a82f5fb06a4fe4ac2cf7cb412ec71b8,"sao paulo",SP,462.00,2,2,231.00,NULL,NULL,5,0.00,-10
0a85ebe4e328db81ac9109781205e2f7,jundiai,SP,667.90,12,12,55.66,NULL,NULL,4.75,8.33,-8.42
0aa2205ca24f113f4658a5c536667426,"sao paulo",SP,815.62,4,11,203.91,NULL,NULL,6.45,0.00,-14.09
0ac4201fda2c68ebc0e47cb9423cf3c9,"sao paulo",SP,1676.88,13,14,128.99,NULL,NULL,12.07,7.14,-12.36
0ad80de75c811326389cfb1daba7d45e,"rio de janeiro",RJ,1449.40,6,6,241.57,NULL,NULL,8.5,0.00,-12.5
0adac9fbd9a2b63cccaac4f8756c1ca8,louveira,SP,15557.60,106,134,146.77,5.00,0.00,12.34,4.48,-11.27
0ade5cc4a305ed7093a23f68ca47519c,curitiba,PR,158.88,2,2,79.44,NULL,NULL,6.5,0.00,-21
0aea4c6ae1505b3228ddf3dd7822ee5b,sorocaba,SP,1427.91,8,8,178.49,NULL,NULL,17.88,25.00,-6.5
0af2ab31141893d26aca5a404a537dab,"sao paulo",SP,59.00,1,1,59.00,NULL,NULL,5,0.00,-6
0af977692321d895349eded183341d28,santos,SP,257.75,2,2,128.88,NULL,NULL,2,0.00,-8.5
0afccdb8a34ee5c79f7c06faf2b4d56e,uberlandia,MG,1185.60,24,24,49.40,5.00,0.00,12.96,8.33,-10.38
0b09101900100c0e9d312861fad5a1b9,"sao paulo",SP,153.75,1,1,153.75,NULL,NULL,18,0.00,-61
0b0ddbc7b9d9584f442c7ac92b0ff6c9,guarulhos,SP,1416.76,3,3,472.25,NULL,NULL,11.67,0.00,-18
0b18d63d0cd1d723567903fd34a07df2,sp,SP,1678.14,9,14,186.46,NULL,NULL,6.57,0.00,-15.71
0b1ca3ef18a63d7eb0c8897fa0849c08,"sao roque",SP,55.00,1,1,55.00,NULL,NULL,6,0.00,-6
0b35c634521043bf4b47e21547b99ab5,"teixeira soares",PR,13235.65,50,77,264.71,NULL,NULL,16.92,11.69,-14.84
0b36063d5818f81ccb94b54adfaebbf5,"jaragua do sul",SC,765.00,1,15,765.00,NULL,NULL,14,0.00,-21
0b3f27369a4d8df98f7eb91077e438ac,aruja,SP,146.51,2,2,73.26,NULL,NULL,7,0.00,-10
0b46f784306be7200ca1700aa55d819f,"belo horizonte",MG,19.90,1,1,19.90,NULL,NULL,3,0.00,-15
0b64bcdb0784abc139af04077d49a20e,canoas,RS,137.60,4,4,34.40,NULL,NULL,8,0.00,-18
0b90b6df587eb83608a64ea8b390cf07,maringa,PR,28492.76,163,209,174.80,5.00,0.00,14,3.35,-18.31
0bae85eb84b9fb3bd773911e89288d54,itajai,SP,7433.56,136,145,54.66,NULL,NULL,9.79,0.69,-15.25
0bb27263628258b8111a0262769fa9db,"sao paulo",SP,22.20,1,1,22.20,NULL,NULL,41,0.00,-17
0bb738e4d789e63e2267697c42d35a2d,"sao roque",SP,2308.40,29,30,79.60,NULL,NULL,11.48,3.33,-14.1
0be8ff43f22e456b4e0371b2245e4d01,"sao paulo",SP,11336.00,156,175,72.67,NULL,NULL,9.85,6.29,-11.83
0bebbb2cea103a4a020c95d43fd7d754,"sao paulo",SP,1367.20,9,9,151.91,NULL,NULL,5.44,0.00,-10.44
0bf0150d5b9d60d9cd2906003332f085,"sao paulo",SP,5774.60,39,62,148.07,NULL,NULL,13.61,14.52,-7.24
0bfd0b434243adc5c2e1aa6baf19c6aa,"rio de janeiro",RJ,371.20,6,6,61.87,NULL,NULL,8,0.00,-20.5
0c7533c71df861ec58ad7ff999ed0e8d,valinhos,SP,2989.30,61,73,49.00,5.00,0.00,10.15,4.11,-9.81
0c7f30ae9b147eca07affbef92832a6a,"ponta grossa",PR,479.50,5,5,95.90,NULL,NULL,8,0.00,-16.8
0c8380b62e38e8a1e6adbeba7eb9688c,"tres coracoes",MG,17228.99,180,218,95.72,NULL,NULL,12.06,4.59,-12.42
0cab2da43793a6f3c5ed8514c5f54627,curitiba,PR,309.70,3,3,103.23,NULL,NULL,4.67,0.00,-21.33
0cbcee27c791afa0cdcb08587a2013a8,"tres coracoes",MG,5054.15,37,39,136.60,NULL,NULL,12.46,10.26,-14.95
0d33a55da925bbf1ff02af5f6059fc7f,"sao paulo",SP,547.30,22,24,24.88,NULL,NULL,8.38,4.17,-12.5
0d4c8269e7f0401201794deef160edd6,"ribeirao preto",SP,792.64,3,4,264.21,NULL,NULL,18.25,0.00,-6.25
0d83f8e03188682112cc0d93523705cc,"porto alegre",RS,696.26,4,8,174.07,NULL,NULL,24.88,50.00,-0.5
0d85bbda9889ce1f7e63778d24f346eb,uberlandia,MG,4845.20,51,58,95.00,NULL,NULL,17.79,18.97,-10.12
0daf5180aa44356f60f8effa533b55a2,goiania,GO,144.80,2,2,72.40,NULL,NULL,7.5,0.00,-5
0db783cfcd3b73998abc6e10e59a102f,santos,SP,9077.40,132,137,68.77,NULL,NULL,11.2,3.65,-13.09
0dd184061fb0eaa7ca37932c68ab91c5,guarulhos,SP,18446.92,161,193,114.58,4.00,0.00,10.81,8.81,-11.23
0ddefe3c7a032b91f4e25b9c3a08fca1,"sao bernardo do campo",SP,402.90,9,10,44.77,NULL,NULL,8.3,0.00,-8.8
0df3984f9dfb3d49ac6366acbd3bbb85,betim,MG,9891.49,86,88,115.02,4.00,0.00,9.14,1.14,-14.81
0dfbed20065e425d2eaefb101f9816c0,"porto ferreira",SP,84.35,3,3,28.12,NULL,NULL,21,33.33,-2
0e44d110fa6a54e121cb2c095a77762f,"francisco morato",SP,223.32,6,6,37.22,NULL,NULL,11.5,16.67,-7.33
0e72c1a751b496722a6cb1f10653b62a,"sao paulo",SP,140.80,3,3,46.93,NULL,NULL,6.33,0.00,-12.33
0e982cff76cc0579f632cea8a0e38c9d,itajai,SC,971.90,6,7,161.98,NULL,NULL,7.86,0.00,-12.29
0ea22c1cfbdc755f86b9b54b39c16043,"sete lagoas",MG,10592.10,234,265,45.27,NULL,NULL,10.51,0.75,-16.75
0eaa7e33d73809f1f925f7d07c506cbd,"santo andre",SP,1552.00,15,15,103.47,NULL,NULL,5.47,0.00,-14.8
0ebd97a106433a45a4aebe57c1799778,contagem,MG,3046.80,31,32,98.28,NULL,NULL,8.75,0.00,-17.12
0ec28cec4046a4a199b6de9b4c891d97,goiania,GO,296.60,3,4,98.87,NULL,NULL,8.75,0.00,-6.5
0ed6ce5d87fd9c69eaacaeb778d67235,americana,SP,2026.52,42,42,48.25,NULL,NULL,15.55,14.29,-12.79
0ee4fb99ac55ffbbc98795aa01b7f8fa,"santana de parnaiba",SP,59.90,1,1,59.90,NULL,NULL,6,0.00,-15
0ef83d7d83ed97cd2a0049ac8be5f88a,curitiba,PR,4421.01,48,55,92.10,NULL,NULL,9.24,1.82,-13.89
0f0c984a4a955310903b6b6008660bad,franca,SP,369.81,4,4,92.45,NULL,NULL,13.5,0.00,-10
0f519b0d2e5eb2227c93dd25038bfc01,ibitinga,SP,79.90,1,1,79.90,NULL,NULL,12,0.00,-40
0f7eea709efdf942b5f95c7516dbacd7,"pedrinhas paulista",SP,195.74,3,3,65.25,NULL,NULL,7.67,0.00,-20
0f80a40c312b2472dca482cf50f5186f,"lencois paulista",SP,129.90,1,1,129.90,NULL,NULL,5,0.00,-17
0f94588695d71662beec8d883ffacf09,florianopolis,SC,9.00,1,1,9.00,NULL,NULL,14,0.00,-12
0fe2d9733ed841eb064503920015a8c0,ourinhos,SP,389.64,3,3,129.88,NULL,NULL,8,0.00,-13.33
0ff83046c3fa22efee8ecf291888b191,"caxias do sul",RS,768.90,10,11,76.89,NULL,NULL,11.91,0.00,-17.27
0ffa40d54288e4f3499b8780dd0f144f,"presidente prudente",SP,2162.80,33,35,65.54,NULL,NULL,13.09,11.43,-12.2
10076e5788b8ee532724bcd460baf762,batatais,SP,821.48,23,26,35.72,NULL,NULL,9.38,3.85,-12.27
10089e9f2fd0c668a8fd4e52e1698888,"sao jose do rio preto",SP,1139.90,3,3,379.97,NULL,NULL,7,0.00,-16.67
101a3a003516bc11253298b2fad3cb65,"rio claro",SP,450.00,5,6,90.00,NULL,NULL,6.33,0.00,-7.83
1025f0e2d44d7041d6cf58b6550e0bfa,"sao paulo",SP,138208.56,910,1420,151.88,4.13,0.00,11.57,6.69,-11.1
10264f60a8f0a4d2f30810f5c661c673,campinas,SP,284.60,4,4,71.15,NULL,NULL,3.5,0.00,-8.75
1099a00e0ee3a50935e6c2447ca090c5,"rio de janeiro",RJ,849.70,3,3,283.23,NULL,NULL,14.67,33.33,-9.67
10cdd491d1dbea8fb4ead97b19c334ce,"santa rita do sapucai",MG,208.90,3,3,69.63,NULL,NULL,6.33,0.00,-18
10ff823eda2b032e2c93d17a7d294736,pederneiras,SP,1144.98,8,8,143.12,NULL,NULL,9.38,0.00,-14.12
112453736dbe3889cfb74e1aaa0ba0c1,"sao paulo",SP,1890.00,7,14,270.00,NULL,NULL,13.14,0.00,-8.14
1127b7f2594683f2510f1c2c834a486b,campinas,SP,6669.70,110,128,60.63,3.00,0.00,9.74,5.47,-10.67
11305281b50fff20ae8bb473f8e11876,uba,MG,6528.70,35,40,186.53,NULL,NULL,13.55,12.50,-12.68
113e3a788b935f48aad63e1c41dac1bd,aparecida,SP,847.35,39,48,21.73,NULL,NULL,11.6,4.17,-15.69
116ccb1a1604bc88e4d234a8c23f33de,"sao bernardo do campo",SP,2004.89,61,73,32.87,NULL,NULL,8.32,2.74,-10.81
11742f81550ac064cc9a40f67151d9ad,catanduva,SP,781.90,2,2,390.95,NULL,NULL,8.5,0.00,-5
117cfc326c6d50da67ca858ff5c0c852,"sao joao de meriti",RJ,454.60,5,5,90.92,NULL,NULL,5.8,0.00,-9.2
11938fcc75f6902fea1d0a6f72b54a57,"sao miguel d'oeste",SC,594.98,2,2,297.49,NULL,NULL,21.5,0.00,-21
119c7f1a00ef43fad0e57604e76a747c,"sao paulo",SP,189.80,2,2,94.90,NULL,NULL,5.5,0.00,-6.5
119d1aef1b4144adba89163f6cd9f5d4,pedreira,SP,1094.00,4,4,273.50,NULL,NULL,4.25,0.00,-12
11bfa66332777660bd0640ee84d47006,"ribeirao preto",SP,3925.87,76,102,51.66,1.00,100.00,15.73,15.69,-8.82
11d4c477d09821164bca4f70a2eae031,"ribeirao preto",SP,83.04,3,4,27.68,NULL,NULL,6,0.00,-12.5
11eac105f3f90a9b87b19c89d91e24f3,"sao paulo",SP,802.89,5,5,160.58,NULL,NULL,8.8,0.00,-13.8
11fb6f6d341adbe19e81733701704635,"sao paulo",SP,1197.00,3,3,399.00,NULL,NULL,4.67,0.00,-7.33
120476eb7a04c149d14772edaf5d9bf2,"angra dos reis",RJ,2368.80,4,6,592.20,NULL,NULL,6.33,0.00,-13.5
1284de4ae8aa26997e748c851557cf0e,"laranjeiras do sul",SP,1459.97,3,3,486.66,NULL,NULL,18.67,0.00,-9
128639473a139ac0f3e5f5ade55873a5,maringa,PR,11795.85,527,554,22.38,3.00,50.00,13.96,4.33,-12.27
128f9bfbe4c7d5185033914b1de3d39a,atibaia,SP,1267.39,13,15,97.49,5.00,0.00,12.53,6.67,-13.53
12a8eb0f8d1cd3270695bf2a99f55966,"sao paulo",SP,397.00,2,2,198.50,NULL,NULL,20.5,0.00,-10
12b9676b00f60f3b700e83af21824c0e,montenegro,RS,26376.00,133,133,198.32,NULL,NULL,14.63,0.75,-21.24
12c2ed9cded6138cf0c75f525f565fc7,"praia grande",SP,314.96,4,4,78.74,NULL,NULL,13,25.00,-4.25
13074f016982ff2bd6c58ced8682f000,"bento goncalves",RS,1977.00,13,14,152.08,NULL,NULL,14,21.43,-8.07
131fcb0a0c9a47bba4474aacff0f14b7,"sao paulo",SP,369.80,4,4,92.45,NULL,NULL,3.75,0.00,-8
1336efc61c316ddf92c899eb817f7cae,assis,SP,4837.31,74,85,65.37,NULL,NULL,11.21,8.24,-11.18
134285d1f41da5c13a756ee8142c8a4e,"sao paulo",SP,1572.70,3,4,524.23,NULL,NULL,8.25,0.00,-10.5
134a288e7de827ec5ec62e3ec9c3a295,"sao paulo",SP,877.45,9,9,97.49,NULL,NULL,9.11,0.00,-10.89
134b867a0f7f8bbe6abf10f91874891e,valinhos,SP,789.89,1,1,789.89,NULL,NULL,12,0.00,-19
13511db12ac61e2f89c53b72a944a60b,"caxias do sul",RS,798.00,6,6,133.00,NULL,NULL,8.83,0.00,-12.83
1352e06ae67b410cdae0b2a22361167b,"rio de janeiro",RJ,178.00,2,2,89.00,NULL,NULL,33.5,100.00,2.5
1354d51653f645349064725ed204e85e,"sao paulo",SP,2410.00,18,20,133.89,NULL,NULL,8.7,0.00,-18.8
138dbe45fc62f1e244378131a6801526,"sao paulo",SP,1125.56,49,58,22.97,NULL,NULL,5.88,1.72,-10
139157dd4daa45c25b0807ffff348363,"sao paulo",SP,29.90,1,1,29.90,NULL,NULL,1,0.00,-13
13c2ed7698b3ca92dad49e849219da59,"ponta grossa",PR,498.61,8,9,62.33,NULL,NULL,11,0.00,-9.89
13d058e4eeac2ce8217660b2f8a05812,osasco,SP,3739.78,22,22,169.99,NULL,NULL,10.82,9.09,-10.27
13d95f0f6f73943d4ceffad0fc2cd32c,goiania,GO,249.99,1,1,249.99,NULL,NULL,22,100.00,2
13dd308f81fea30cc670c656b2b46cc3,"santa barbara d'oeste",SP,117.70,3,3,39.23,NULL,NULL,3,0.00,-6.33
13e85aac53340018b40c2af68001b7e0,pedreira,SP,17.80,1,1,17.80,NULL,NULL,17,0.00,-35
13f57c12a00ed4610db646b913a7f5c6,santos,SP,645.20,7,13,92.17,NULL,NULL,12.31,15.38,-8.62
13fa2a6c6b9d0f43cb588d7c82117a12,"sao paulo",SP,4528.00,9,10,503.11,NULL,NULL,20,30.00,-5.4
141440cad9341e553f8401c574a2aa38,pitanga,PR,1288.20,11,12,117.11,NULL,NULL,6.5,0.00,-21.17
1430239a858e7682bbc43b20758af153,"sao paulo",SP,633.99,17,22,37.29,NULL,NULL,6.86,0.00,-10.82
1444c08e64d55fb3c25f0f09c07ffcf2,"lauro de freitas",BA,2749.00,1,1,2749.00,NULL,NULL,10,0.00,-22
1464afc72f696af775557a821c2e253f,"nova friburgo",RJ,1059.36,29,30,36.53,NULL,NULL,10.8,3.33,-12.7
14a08204d03bb6b6bde8029f801ae0eb,"sao paulo",SP,2185.40,28,38,78.05,NULL,NULL,8.26,0.00,-15.79
14d7985702e72162bbf13b6beb74ab2b,"santo andre",SP,3887.00,37,38,105.05,NULL,NULL,10.58,10.53,-8.74
14ee35374a7876217954b5fa08e50463,"sao jose do rio preto",SP,809.00,6,6,134.83,NULL,NULL,17,16.67,-7.83
14f2b3587172b9db894c9bad8dab520b,ipe,RS,244.00,2,2,122.00,NULL,NULL,13.5,0.00,-12.5
152ee17e4c8aaf53dac99f3462e4999b,garuva,SC,308.96,6,6,51.49,NULL,NULL,10.33,0.00,-14.33
154bdf805377afea75a3bd158e9eab10,ibitinga,SP,89.90,1,1,89.90,NULL,NULL,24,100.00,2
1554a68530182680ad5c8b042c3ab563,"monte siao",MG,28979.64,246,267,117.80,5.00,0.00,13.58,5.99,-13.73
157c3e4b42f81ac4a44e8b1ca2fe9876,"sao paulo",SP,2548.50,23,31,110.80,NULL,NULL,9.94,6.45,-13
1588ac4010787100dddef64568f0ae35,maringa,PR,599.97,3,3,199.99,NULL,NULL,19.33,0.00,-9
15aac934c58d886785ac1b17953ea898,muqui,ES,4353.90,25,26,174.16,NULL,NULL,15.15,15.38,-7.62
15b3b1b81484422eb41df68ac87f1f50,bauru,SP,43.35,1,1,43.35,NULL,NULL,14,0.00,-5
15cd6eefe58588619aaed41dfa6621b1,"ouro preto",MG,1622.74,16,18,101.42,NULL,NULL,13.94,5.56,-11
15ead3a5037a918ddb520dfe39a3d2b9,"conselheiro lafaiete",MG,254.50,6,7,42.42,NULL,NULL,18.43,28.57,-6.43
15fa791d5e017f66402dc28c44480657,"sao paulo",SP,1802.00,8,8,225.25,NULL,NULL,11.12,12.50,-8.62
160851d3ece7aa1a510f8d1a4bb8a8af,garca,SP,102.05,2,2,51.03,NULL,NULL,5,0.00,-13
16090f2ca825584b5a147ab24aa30c86,atibaia,SP,25579.16,398,406,64.27,5.00,0.00,8.75,7.88,-9.66
160e4f13fd3a64b1b86807be88b5ffb0,colombo,PR,886.00,4,4,221.50,NULL,NULL,14,0.00,-15
164a5a8794e6d42e14f55e447b12a3bc,guaira,PR,73.99,1,1,73.99,NULL,NULL,13,0.00,-19
165b1235e9e9942cb5fae67103576fb0,"ribeirao preto",SP,2085.15,11,16,189.56,NULL,NULL,6.81,6.25,-8.31
165fc07beebdcb6190fba8a06db2a449,maringa,PR,17481.40,50,64,349.63,NULL,NULL,13.19,9.38,-11.09
1660ad786c27fd935378b6192a90b417,"sao bernardo do campo",SP,1570.00,12,13,130.83,NULL,NULL,8.54,7.69,-10.69
166e8f1381e09651983c38b1f6f91c11,imbituba,SC,78.80,2,2,39.40,NULL,NULL,14,0.00,-8.5
167fd940acebc789debd6eb418c46e38,franca,SP,1077.58,5,5,215.52,NULL,NULL,15,20.00,-8.8
1690cada046eb7e92c12f98b1f8a8167,"sao paulo",SP,1760.00,10,10,176.00,NULL,NULL,6.8,10.00,-14.2
16bdc8cefd0e32a6f0824d296c5ad14a,sp,SP,41.76,1,1,41.76,NULL,NULL,9,0.00,-12
1703bc09972dab9782e7a9194943b69f,"minas gerais",MG,249.90,1,1,249.90,NULL,NULL,12,0.00,-18
1710c3aaa9c6b44ec3883ee0fe300e21,"sao caetano do sul",SP,1188.90,2,2,594.45,NULL,NULL,5.5,0.00,-9
17306570e772e7718c92a562d33f5f1d,bariri,SP,8640.00,27,30,320.00,NULL,NULL,13.5,6.67,-10
173d56ffbd4c56cb80fc3615487d712b,"sao vicente",SP,358.00,2,2,179.00,NULL,NULL,6.5,0.00,-17
1746c1ae87ac63d530c7c943d0ac42e2,"santana de parnaiba",SP,229.90,1,1,229.90,NULL,NULL,23,0.00,-4
1771297ac436903d1dd6b0e9279aa505,guarulhos,SP,2881.27,28,36,102.90,NULL,NULL,8.97,2.78,-16.03
1782ce2db72c3dda627d5e7c898104e1,"taboao da serra",SP,2010.80,9,10,223.42,NULL,NULL,26.9,10.00,-1.9
17908cf9b444ee34047cadd5c0f4a516,anapolis,GO,1993.99,11,11,181.27,NULL,NULL,18.36,9.09,-11.82
17998cf586426bf0f2c3726cb0a4b211,"belo horizonte",MG,69.80,2,2,34.90,NULL,NULL,8,0.00,-22.5
179d859f51292aac5c10806a356f7af9,"ribeirao pires",SP,404.47,18,19,22.47,NULL,NULL,8.79,5.26,-9.84
17a053fcb14bd219540cbde0df490be0,"mogi guacu",SP,40353.24,124,148,325.43,NULL,NULL,11.56,5.41,-10.13
17ca9b9e9b9ef8fdb529001b49ebb50f,betim,MG,9649.86,115,128,83.91,NULL,NULL,7.6,0.78,-14.09
17e34d8224d27a541263c4c64b11a56b,"riberao preto",SP,54440.28,247,260,220.41,3.00,0.00,13.52,7.31,-10.85
17eea220a40cc0d2c0c5346379682398,"sao paulo",SP,875.98,3,3,291.99,NULL,NULL,25.33,66.67,-0.67
17f51e7198701186712e53a39c564617,"sao paulo",SP,48019.00,56,61,857.48,NULL,NULL,22.21,8.20,-12.23
180c3376aff0e43dd5788709df48a843,"sao paulo",SP,4513.00,5,10,902.60,NULL,NULL,15.6,10.00,-6.4
1835b56ce799e6a4dc4eddc053f04066,ibitinga,SP,33005.32,417,551,79.15,1.00,100.00,12.33,8.89,-10.81
1838dd9b8977065acf51d95e0053ea7a,"belo horizonte",MG,2750.50,62,65,44.36,NULL,NULL,12.14,3.08,-11.09
184725737946a1a938bbbd1a9e978103,maua,SP,359.70,3,3,119.90,NULL,NULL,8,0.00,-2.67
184a67a8f9f63234d3a92340bbdb727f,joinville,SC,246.29,7,10,35.18,NULL,NULL,15.9,0.00,-21.9
186cdd1b2df32caa72cfb410bba768d3,"rio negrinho",SC,1341.45,6,6,223.58,NULL,NULL,8.17,0.00,-28.17
189ca3538ce9f920cacf0f982cbe223b,"sao paulo",SP,419.00,4,5,104.75,NULL,NULL,4.4,0.00,-9.8
18a349e75d307f4b4cc646a691ed4216,"sao paulo",SP,7425.21,109,128,68.12,5.00,0.00,10.68,4.69,-14.84
18e694e0e48ed6f7aa3f24aade5fd697,"varzea paulista",SP,701.54,31,34,22.63,NULL,NULL,5.47,2.94,-13.41
1900267e848ceeba8fa32d80c1a5f5a8,ibitinga,SP,24639.57,406,523,60.69,NULL,NULL,12.36,6.50,-10.11
191d55f7edb8524d525ed01b20fe32e8,brasilia,DF,747.00,3,3,249.00,NULL,NULL,22,33.33,-3
1927cdb9fa74f5270097f6250e8e8f34,marilia,SP,120.00,1,1,120.00,NULL,NULL,8,0.00,-9
19484c79cef6c062cb177aa4ef2fcc3c,valinhos,SP,201.90,1,1,201.90,NULL,NULL,21,100.00,3
1961c3e1272bfeceb05d0b78b5bbfdaf,guarulhos,SP,657.00,2,3,328.50,NULL,NULL,4.67,0.00,-5.67
1976a05ecf2996d6ffb7b5430e635fe7,assis,SP,1796.20,8,9,224.53,NULL,NULL,16.22,22.22,-8.11
1987cd4be10fe09ee50454f9c354d1c6,"ouro fino",MG,2877.70,14,16,205.55,NULL,NULL,15.31,6.25,-14.19
198c7ea11960a9844b544d9bcdca860c,jacutinga,MG,1733.75,25,25,69.35,NULL,NULL,14,8.00,-10.8
1996942dc085d7773ba77a529b163cd0,pradopolis,SP,2383.52,9,9,264.84,NULL,NULL,11.33,0.00,-18.78
19a7c9f66ffa6452ff4b4c0cca71da27,itaipulandia,PR,279.00,1,1,279.00,NULL,NULL,25,0.00,-28
19d62d484cba71963c93f0f00ab42013,gaspar,SC,139.90,1,1,139.90,NULL,NULL,13,0.00,-8
19e0f40a907ec568c34bfac15de4f4a1,americana,SP,178.00,4,4,44.50,NULL,NULL,5.25,0.00,-13
1a3df491d1c4f1589fc2b934ada68bf2,joinville,SC,22472.40,160,171,140.45,NULL,NULL,14.53,3.51,-13.04
1a8e2d9c38b84a9702ac7922924b0573,araquari,SC,80.00,1,1,80.00,NULL,NULL,15,0.00,-15
1a932caad4f9d804097d7f8e615baed1,"sao paulo",SP,4661.00,20,30,233.05,4.00,0.00,8.47,10.00,-12.1
1acde099eb406aa220b1169b188b42da,"sao paulo",SP,311.10,9,10,34.57,NULL,NULL,11.8,0.00,-8.1
1b0b0f4f95e962d6f32fe90c759d0479,"sao paulo",SP,139.80,2,2,69.90,NULL,NULL,9,0.00,-9.5
1b1ae47a313a825a7ccceb8e2e30fa9d,"bocaiuva do sul",PR,2184.00,10,10,218.40,NULL,NULL,10.1,0.00,-14.2
1b45169b635ef59425637e9a33eb5fb3,maringa,PR,308.90,7,8,44.13,NULL,NULL,7.25,0.00,-19.75
1b4b28463457a256e9a784ebe2a8f630,piracicaba,SP,699.42,1,1,699.42,NULL,NULL,14,100.00,7
1b4c3a6f53068f0b6944d2d005c9fc89,"sao ludgero",SC,14420.50,111,115,129.91,NULL,NULL,13.81,4.35,-12.81
1b61fb1f0f2185d89e9a126c498e9cc7,maringa,PR,49.70,1,1,49.70,NULL,NULL,11,0.00,-14
1b65c144b17e607c0f37f10bb7dfec8d,"rio do sul",SC,1109.50,5,5,221.90,NULL,NULL,8.2,0.00,-28.8
1b7e5006cb25dd23ce8686691013b121,"sao paulo",SP,2636.74,11,11,239.70,NULL,NULL,15.09,18.18,-6.36
1b8356dabde1d35e17cef975c3f82730,"sao paulo",SP,3366.40,55,60,61.21,NULL,NULL,9.7,1.67,-14.28
1b8b75e227c9a9c100d0c210fb6176ce,"sao paulo",SP,1444.87,15,15,96.32,NULL,NULL,14.47,6.67,-19.6
1b938a7ec6ac5061a66a3766e0e75f90,penapolis,SP,3859.80,29,31,133.10,5.00,0.00,10.97,0.00,-14.74
1bb2bdb95f4841f1bba2c0d2cd83d3c9,"sao paulo",SP,4905.76,79,83,62.10,3.00,0.00,11.89,6.02,-13.27
1bb3812d5f0747a3ab7348f199001a10,"sao paulo",SP,834.40,9,9,92.71,NULL,NULL,12.22,0.00,-20.11
1bc2e21de46adfea6b98cc96b00f3b40,joinville,SC,1039.95,3,5,346.65,NULL,NULL,16.6,0.00,-5.2
1c129092bf23f28a5930387c980c0dfc,"sao paulo",SP,9528.62,200,219,47.64,5.00,0.00,11.13,4.11,-10.27
1c40343cc5d18c2d8248ac2f3366de34,limeira,SP,2461.41,21,22,117.21,NULL,NULL,6.86,9.09,-12
1c56ffe0e9dea2657fc6e95b53f40b13,"sao carlos",SP,183.00,3,3,61.00,NULL,NULL,6.33,0.00,-9.33
1c5e4e49b9079480255b49d50aac1aa9,santos,SP,10173.11,12,12,847.76,NULL,NULL,8.33,0.00,-12.25
1c68394e931a64f90ea236c5ea590300,sarandi,PR,24832.75,142,171,174.88,NULL,NULL,15.36,3.51,-15.43
1c742ac33582852aaf3bcfbf5893abcf,"belo horizonte",MG,97.90,1,1,97.90,NULL,NULL,6,0.00,-20
1c83418358f249c9d6affa52d579db0e,"sao paulo",SP,24.90,1,1,24.90,NULL,NULL,10,0.00,-23
1ca4bdb0cd7fc48e949bac066188ed26,cataguases,MG,1140.00,3,3,380.00,NULL,NULL,14,33.33,-10.67
1ca7077d890b907f89be8c954a02686a,"santana de parnaiba",SP,12474.64,108,127,115.51,NULL,NULL,14.51,14.96,-6.86
1caf283236cd69af44cbc09a0a1e7d32,"nova iguacu",RJ,917.60,33,37,27.81,NULL,NULL,13.59,10.81,-11.41
1cbcd2ee0afb3fc09963b87eb65e7e4f,curitiba,PR,90.00,1,3,90.00,NULL,NULL,4,0.00,-13
1cbd32d00d01bb8087a5eb088612fd9c,"sp / sp",SP,1045.47,11,12,95.04,NULL,NULL,11.75,8.33,-10.25
1cbd50a8c52e6cf8e315c5709fab386f,"fazenda rio grande",PR,785.97,9,9,87.33,NULL,NULL,18.44,11.11,-12.56
1cbdc7cf130a41fd13a3c2a7d2fcfda7,lambari,MG,165.80,2,2,82.90,NULL,NULL,8.5,0.00,-13.5
1cd9e0cc1839d55516843def5600816d,"sao paulo",SP,825.00,5,5,165.00,NULL,NULL,7.4,0.00,-10.2
1ce3ae5a399804d1a87e706f8a813c3e,jaguaruna,SC,2563.00,40,44,64.08,NULL,NULL,13.34,6.82,-16.32
1d0646a72178a6fb37ee8082140e06ec,joinville,SC,61.00,2,2,30.50,NULL,NULL,7.5,0.00,-7.5
1d0997ff06b524ce9289ffd75114ecd3,recife,PE,3747.00,3,3,1249.00,NULL,NULL,16.33,33.33,-19.33
1d139e3a3b14025640d8df1b230aace0,barrinha,SP,36.49,2,2,18.25,NULL,NULL,7.5,0.00,-20.5
1d1bbb8ac1581824986f582583fff01d,indaial,SC,166.88,4,4,41.72,NULL,NULL,9,25.00,-5.75
1d2732ef8321502ee8488e8bed1ab8cd,"rio de janeiro",RJ,1148.00,4,5,287.00,NULL,NULL,11.2,20.00,-6.8
1d29dfba02015238dfbe2449a5eaa361,vicosa,MG,612.80,12,12,51.07,NULL,NULL,14.83,8.33,-9.5
1d4587203296c8f4ad134dc286fa6db0,"sao paulo",SP,2287.50,40,41,57.19,NULL,NULL,9.12,2.44,-11.27
1d503743d2526f03f0c2c89540ee008c,"sao paulo",SP,516.04,12,17,43.00,NULL,NULL,8.59,5.88,-9.41
1d8dbc4f32378d715c717c1c1fc57bae,arapongas,PR,11205.99,91,97,123.14,NULL,NULL,15.05,8.25,-11.98
1d953075c2f0dd990bacf27b83b330f1,"belo horizonte",MG,59.00,1,1,59.00,NULL,NULL,7,0.00,-24
1da366cade6d8276e7d8beea7af5d4bf,uba,MG,6348.59,42,48,151.16,NULL,NULL,16.98,6.25,-8.42
1da3aeb70d7989d1e6d9b0e887f97c23,"sao paulo",SP,8691.56,261,324,33.30,NULL,NULL,7.87,4.01,-11.71
1dc2de47ee26a0a5b12dc14fd6dc0dea,ibitinga,SP,1670.30,25,27,66.81,NULL,NULL,14.3,3.70,-8.93
1dcfa3835714681d4ba4a93bc1e0fd41,birigui,SP,1186.60,12,14,98.88,NULL,NULL,15.5,0.00,-15.5
1dd33b8119b3cb1056ed5dc88cd0aaf4,"sao paulo",SP,1513.00,8,8,189.13,NULL,NULL,10.5,12.50,-15.62
1de62b6f2fd96227629786db492433db,sp,SP,208.80,2,2,104.40,NULL,NULL,7.5,0.00,-15.5
1dfe5347016252a7884b694d4f10f5c4,ibitinga,SP,1632.50,20,26,81.63,NULL,NULL,19.04,23.08,-7.69
1e26c56af8d48424e1df0140a2401f83,jaguariuna,SP,258.90,2,2,129.45,NULL,NULL,4.5,0.00,-16
1e47d8b6546eb3a77b1acddcc9406242,campinas,SP,149.90,1,1,149.90,NULL,NULL,35,0.00,-11
1e47defeeadeca0e9a18fa5a9311e735,catanduva,SP,234.12,3,3,78.04,NULL,NULL,11.67,0.00,-12.33
1e483cc5c76fef08d3ca05f9a8af7d01,"sao paulo",SP,166.09,9,10,18.45,NULL,NULL,7.6,0.00,-10.9
1e8b33f18b4f7598d87f5cbee2282cc2,"sao paulo",SP,17233.56,122,139,141.26,NULL,NULL,7.36,2.88,-10.99
1e8c6a4c538f286aee9573239740a4b4,itatiba,SP,359.70,5,5,71.94,NULL,NULL,7,0.00,-14.2
1e9d5a33694bddb76316fd1f54734d20,jaciara,MT,318.00,2,2,159.00,NULL,NULL,12,0.00,-8.5
1eade46fba20122dc4aefb379f8c636b,"sao paulo",SP,3635.37,58,75,62.68,NULL,NULL,11.52,12.00,-7.52
1f1bb1f0859883505541bdd6606193e5,"sao paulo",SP,16040.84,27,29,594.11,NULL,NULL,13.76,10.34,-10.45
1f2eebc0e970fd3c463e4f5d9652687a,"sao paulo",SP,44.99,1,1,44.99,NULL,NULL,11,100.00,5
1f50f920176fa81dab994f9023523100,"sao jose do rio preto",SP,106655.71,1399,1926,76.24,5.00,0.00,15.11,7.79,-10.85
1f7dfad2cb384ea4d2d7e1ffbd78c407,"sao paulo",SP,49.00,1,1,49.00,NULL,NULL,6,0.00,-4
1f7fd2a6fcd5a6fa5d8a4dabc72aaae0,"venancio aires",RS,531.80,3,3,177.27,NULL,NULL,6.67,0.00,-16.67
1f867308a0ce13133a4e639ff4de0c02,curitiba,PR,875.10,7,13,125.01,NULL,NULL,10,0.00,-17.77
1f9ab4708f3056ede07124aad39a2554,tupa,SP,13312.93,76,77,175.17,NULL,NULL,14.05,5.19,-13.49
1fa2d3def6adfa70e58c276bb64fe5bb,"sao paulo",SP,6.90,1,1,6.90,NULL,NULL,6,0.00,-36
1fbe10c70e30765ed1de86d9f7e98409,maua,SP,98.75,2,6,49.38,NULL,NULL,7.83,0.00,-6.83
1fdc574883ef3b33ad41562d93f3a74a,limeira,SP,4251.00,18,18,236.17,NULL,NULL,10.83,5.56,-11.5
1fe5540d7c1c37a595fefbacd5570d9e,"paraiba do sul",RJ,4537.60,20,25,226.88,NULL,NULL,11.6,4.00,-14.4
1fe61aa5494bd3ae92a2c13e067c810f,"santa cecilia",SC,537.76,1,2,537.76,NULL,NULL,7,0.00,-17
2009a095de2a2a41626f6c6d7722678d,"sao jose do rio preto",SP,388.89,8,12,48.61,NULL,NULL,9.17,0.00,-11.58
2039c5e51785b5dde7cf93ccb3b7be2c,guaira,SP,159.90,1,1,159.90,NULL,NULL,8,0.00,-8
204b4e07bddef3c9b317f70189135b22,"borda da mata",MG,73.40,1,1,73.40,NULL,NULL,10,0.00,-11
2059c39f76271d4ca3f15b5ffaccc8b8,curitiba,PR,604.90,12,12,50.41,NULL,NULL,8.92,0.00,-13.33
20611af7866c6068fd5ae1f9dbe15c92,"porto ferreira",SP,219.80,2,2,109.90,NULL,NULL,8,0.00,-13.5
2063dd1b9f568df1c16741ea7d3e6adb,guarapuava,PR,763.10,3,3,254.37,NULL,NULL,12.33,0.00,-26.33
2075d8cd4dd63ff12df0749a5866bb06,curitiba,PR,184.70,3,3,61.57,NULL,NULL,4,0.00,-7
2089a6d640999f9b9141ac719b2af596,"sao carlos",SP,7676.02,41,41,187.22,NULL,NULL,19.02,12.20,-11.44
20a7efa9721046319bdde5d60b6b5365,laguna,SP,501.20,3,6,167.07,NULL,NULL,15,0.00,-16.33
20a8b0dc55da94fe74d112082427c84f,itu,SP,407.40,7,7,58.20,NULL,NULL,7.71,14.29,-4.57
20b54c376b794ed028df09a3cd88e8dc,"sao caetano do sul",SP,927.87,7,7,132.55,NULL,NULL,20.86,28.57,-3
20cb7c2fde3e5bf10f0bbe7394e1c6a9,andira-pr,PR,845.00,31,50,27.26,NULL,NULL,11.52,10.00,-12.82
20d53aad4fe5ee93a64f8839609d3586,"santa rita do sapucai",MG,14.50,1,1,14.50,NULL,NULL,39,100.00,17
20d83f3ef0e6925fd74bfd59170babf7,"sao paulo",SP,2903.60,40,54,72.59,5.00,0.00,8.09,3.70,-11.61
20f0aeea30bc3b8c4420be8ced4226c0,"santa barbara d'oeste",SP,14.90,1,1,14.90,NULL,NULL,44,100.00,13
2138ccb85b11a4ec1e37afbd1c8eda1f,"sao paulo",SP,12089.22,388,419,31.16,5.00,0.00,10.74,4.53,-12.67
213b25e6f54661939f11710a6fddb871,salto,SP,15105.95,152,190,99.38,NULL,NULL,14.78,7.37,-11.04
213fafb0ca06fb3d5886579c2565791b,"sete lagoas",MG,189.70,3,3,63.23,NULL,NULL,4,0.00,-6.33
2156f2671501a81034d7d07f217609d0,sp,SP,2909.50,21,21,138.55,NULL,NULL,14.76,14.29,-6.48
217f005bb37ff3aeef5b2ae1788e75ba,osasco,SP,49.98,2,2,24.99,NULL,NULL,14,0.00,-9.5
218d46b86c1881d022bce9c68a7d4b15,"ribeirao preto",SP,53710.30,382,420,140.60,5.00,0.00,13.31,8.33,-11.72
218f991754f360af9c2daa5e0b8e990c,"sao paulo",SP,3554.32,14,17,253.88,NULL,NULL,12.88,11.76,-7.41
2199e7fe213c16213bf5d6a7eadc9a5d,registro,SP,3767.29,24,30,156.97,NULL,NULL,10.63,3.33,-13.2
21c62b998a043ebe31161d38f84929fc,fortaleza,CE,750.49,4,4,187.62,NULL,NULL,12.5,0.00,-16
21d59342ba150175ca2aa4f8faddeca6,itaquaquecetuba,SP,259.90,2,2,129.95,NULL,NULL,8.5,0.00,-18.5
21e83881401b92b49fb09a16d3852291,uberlandia,MG,3109.06,12,13,259.09,NULL,NULL,10.62,0.00,-13.23
2235cf78d3e2073a88146a9cb60f0dd0,"sao paulo",SP,178.99,1,1,178.99,NULL,NULL,14,0.00,-11
226b05fe067266c59c15dae208213d06,curitiba,PR,1056.90,10,11,105.69,NULL,NULL,9.18,0.00,-13.73
228e4c1a0be164f613d41c24345f9d2c,bandeirantes,PR,539.70,5,5,107.94,NULL,NULL,10.8,0.00,-20.2
229c3efbfb0ea2058de4ccdfbc3d784a,"belo horizonte",MG,15479.00,118,145,131.18,NULL,NULL,10.39,2.07,-12.34
22a23e5ac7061fc538cc2a019afaaf16,"belo horizonte",MG,95.00,1,1,95.00,NULL,NULL,11,0.00,-16
22c32ec35d0116ef02c281798a25bf8b,maringa,PR,119.58,4,6,29.90,NULL,NULL,9.33,0.00,-17.67
2305ab43e846518f58dd9d59f3f54e96,"sao paulo",SP,788.89,3,3,262.96,NULL,NULL,11.33,0.00,-11.33
232a6014e7b10cba61c6c2b2ea6bb4b0,cafelandia,SP,3819.97,32,35,119.37,NULL,NULL,13.11,2.86,-14.26
23613d49c3ac2bd302259e55c06c050c,"porto ferreira",SP,4193.10,69,79,60.77,NULL,NULL,13.42,8.86,-11.32
236585a4ddb5fea9fa40233e2249ed91,"caxias do sul",RS,649.53,11,11,59.05,NULL,NULL,12.64,9.09,-13.18
2379bdc3888025689a9deb7b141507d5,"mogi mirim",SP,999.50,9,9,111.06,NULL,NULL,18.11,22.22,-5.78
238fac594e170b59c6d228f5a4f4f1d9,"dois corregos",SP,3126.00,29,30,107.79,NULL,NULL,11.97,13.33,-10.27
23a0ffca143a15b9b5bbdb7d552f626a,"sao pedro",SP,3718.51,23,24,161.67,1.00,100.00,10.71,12.50,-11.42
23c38debaffe4a25a30fdbd9b586a13f,votorantim,SP,5382.18,41,46,131.27,NULL,NULL,11.15,10.87,-10.39
23ca5f678e0b3ea6c630b30fa8bf51ea,"sao paulo",SP,183.00,6,7,30.50,NULL,NULL,6.71,0.00,-18.29
23d7c96d4a1160db1c726b248601b25a,capivari,SP,10658.24,50,52,213.16,NULL,NULL,12.83,9.62,-10.96
23ff42c4bf1f8f16cddb19d8b972974a,"itau de minas",MG,174.70,2,3,87.35,NULL,NULL,12,0.00,-16.33
240b9776d844d37535668549a396af32,niteroi,RJ,13332.09,35,35,380.92,NULL,NULL,10.97,2.86,-11.26
244b04680fdbded0acf5aebd9c92b44a,jundiai,SP,1701.80,2,2,850.90,NULL,NULL,37.5,50.00,4.5
244c2f1bff6afe1f2eaf9bfe9b2aed38,"mogi das cruzes",SP,2580.00,23,27,112.17,NULL,NULL,14.96,14.81,-8.48
247587846358bb1d2e4c6522020b36fe,"sao jose do rio preto",SP,99.00,1,1,99.00,NULL,NULL,4,0.00,-13
2493dc3f20131696a0ecdb9948051a8d,brasilia,DF,504.38,4,4,126.10,NULL,NULL,8.5,0.00,-23.75
249f0e9905a6e06ad6c6bea7547ab9f6,"rio de janeiro",RJ,347.95,3,3,115.98,NULL,NULL,5.67,0.00,-19.67
24a6daf925d9d591870a66660416de31,"robeirao preto",SP,60.00,2,2,30.00,NULL,NULL,13,0.00,-12
24c1de8d9551c0b4fbc53317d53efda8,"serra redonda",PB,355.00,1,1,355.00,NULL,NULL,12,0.00,-23
2528513dd95219a6013d4d05176e391a,osasco,SP,32660.20,160,166,204.13,NULL,NULL,10.11,4.22,-12.29
2528744c5ef5d955adc318720a94d2e7,jundiai,SP,6245.00,5,5,1249.00,NULL,NULL,9.8,0.00,-9.4
252e76235acb79183cfca6e34f13337d,campinas,SP,261.20,3,4,87.07,NULL,NULL,14.25,0.00,-16.5
253c025bab43881055aeecde5e2d8b77,curitiba,PR,94.82,2,2,47.41,NULL,NULL,16,50.00,-6.5
253f95b3a0e6983ae18aed49fbc2b845,"sao paulo",SP,799.50,5,5,159.90,NULL,NULL,9,0.00,-14
257e61d3251fb5efb9daadddbc2cf7ca,apucarana,PR,7729.00,12,12,644.08,NULL,NULL,7.67,0.00,-17.67
258447aad3f7b01e2643c89f64dc5647,cianorte,PR,51.90,1,1,51.90,NULL,NULL,7,0.00,-12
259f7b5e6e482c230e5bfaa670b6bb8f,poa,SP,8393.14,136,162,61.71,NULL,NULL,8.12,1.23,-13.76
25be943a321c8938947bdaabca979a90,"sao bernardo do campo",SP,479.00,3,3,159.67,NULL,NULL,2.67,0.00,-10
25c5c91f63607446a97b143d2d535d31,itauna,MG,54208.78,156,266,347.49,NULL,NULL,13.56,6.02,-11.97
25cf099de44674fde97473224f9d59ab,cotia,SP,1654.36,50,50,33.09,NULL,NULL,8.88,4.00,-12.92
25debeafbce801fdd479539350185eee,"igaracu do tiete",SP,237.85,5,6,47.57,NULL,NULL,14.17,0.00,-8.83
25e47381a6c510ddeb36084e33b89f0c,"praia grande",SP,1289.60,16,17,80.60,5.00,0.00,9.12,0.00,-13.12
25e6ffe976bd75618accfe16cefcbd0d,"sao paulo",SP,11552.62,106,115,108.99,NULL,NULL,9.42,2.61,-14.55
262237171f48e85819065498cac80d7b,brusque,SC,599.00,4,10,149.75,NULL,NULL,8.3,0.00,-11.5
2646baaf662d4d92ac48f047e35db92d,"sao paulo",SP,1263.05,15,18,84.20,NULL,NULL,5.11,5.56,-11.67
26562f211dd1364af2a8596dc945e8ae,"sao bernardo do campo",SP,99.00,2,2,49.50,NULL,NULL,2,0.00,-5
265fdc289dffa9f1ad801c74f7d0de47,jaci,SP,495.00,1,1,495.00,NULL,NULL,7,0.00,-8
26785a546900236d66f2e4197c211158,"sao paulo",SP,1019.20,15,15,67.95,NULL,NULL,5.4,0.00,-18.73
269c5fc9fcadee614364c3620c30a1f9,guarulhos,SP,209.60,3,6,69.87,NULL,NULL,4,0.00,-2.67
269cff2d3c8d205c11f37a52402ea93b,catanduva,SP,1281.59,4,5,320.40,NULL,NULL,6.8,0.00,-9.4
26af45f5dfd967225a832838aa4e24a3,curitiba,PR,573.10,10,11,57.31,NULL,NULL,8.64,0.00,-13.82
26b482dccfa29bd2e40703ba45523702,"santa barbara dÂ´oeste",SP,344.78,3,4,114.93,NULL,NULL,3.25,0.00,-8.25
26bad72add1f86e08a776ce4ffdaf1ca,pedregulho,SP,622.00,7,7,88.86,NULL,NULL,10.57,0.00,-13.57
26d6bbee02420494d471c9f6436929c0,curitiba,PR,434.51,12,13,36.21,NULL,NULL,7.54,0.00,-10.62
26d8a1c7c75d513045798992ead43aa2,apucarana,PR,5937.13,34,36,174.62,NULL,NULL,12,8.33,-12.5
26e13b6ff5b641b329e5524241ee2c93,franca,SP,119.70,4,4,29.93,NULL,NULL,6,0.00,-10.25
26e2c91ef821e1ff8985f408788fe35b,ibitinga,SP,1649.40,12,14,137.45,NULL,NULL,24.5,35.71,-0.64
26e2e5033827d2ba53929f43e03d8ffe,"sao paulo",SP,139.49,1,1,139.49,NULL,NULL,5,0.00,-14
26f6b7ab07be3e9e69ce82a6552efc19,"rio de janeiro",RJ,54.80,2,2,27.40,NULL,NULL,10.5,50.00,-3
270297ead4c65a6cd2593960d2af6b21,"sao paulo",SP,9344.40,17,19,549.67,NULL,NULL,14,0.00,-13.68
270572bb714b00531be85e16e1550f26,maua,SP,96.99,1,1,96.99,NULL,NULL,11,0.00,-16
2709af9587499e95e803a6498a5a56e9,"sao paulo",SP,1180.56,25,46,47.22,1.00,100.00,11.93,50.00,-4.48
270d3ef21830ad0ecf3a6c53d08a533a,carapicuiba,SP,471.00,5,17,94.20,NULL,NULL,10.88,0.00,-9.06
271b8923c6a549e02d3c9fd1f8c0422b,"praia grande",SP,105.19,1,1,105.19,NULL,NULL,14,100.00,4
271c58a1d139c45eaf3316107c6d3a3b,"sao paulo",SP,3597.63,27,27,133.25,NULL,NULL,12.67,7.41,-11.22
272f092de69afedd4d2969440b37f18f,"sao paulo",SP,1846.33,25,39,73.85,NULL,NULL,8.9,0.00,-15.95
2745f798279e0ed033addcc1474776d7,"sao paulo",SP,3668.53,32,32,114.64,NULL,NULL,12.94,9.38,-10.72
276677b5d08786d5dce7c2149dcce48b,"belo horizonte",MG,3424.20,31,45,110.46,NULL,NULL,10.67,4.44,-10.22
27a56ff04b34c2ba34ce6ba4d3b9d616,campinas,SP,349.29,8,8,43.66,NULL,NULL,12.25,12.50,-10
282c7480173bb9c01dd41cc739fec010,"sao paulo",SP,4274.20,5,8,854.84,NULL,NULL,13.12,12.50,-16.12
282f23a9769b2690c5dda22e316f9941,"belo horizonte",MG,6464.28,98,109,65.96,3.00,0.00,10.73,3.67,-12.12
28405831a29823802aa22c084cfd0649,"sao paulo",SP,210.00,6,6,35.00,NULL,NULL,6.5,0.00,-6
28872dc528e978a639754bc8c2ce5a4c,"caxias do sul",RS,1009.90,1,1,1009.90,NULL,NULL,4,0.00,-31
289cdb325fb7e7f891c38608bf9e0962,"belo horizonte",SP,13410.55,109,125,123.03,NULL,NULL,6.19,1.60,-10.58
28a26ebce31d5918b181ede016fd693b,"belo horizonte",MG,29.90,1,1,29.90,NULL,NULL,11,0.00,-10
28c7d8743fbc8679f484868cc0fcaefb,itaporanga,SP,201.50,3,3,67.17,NULL,NULL,13,0.00,-11
28d162ab86bb49d719c32f0ee6186eaa,"ribeirao preto",SP,109.99,1,1,109.99,NULL,NULL,16,0.00,-12
28ea411b354f14b1a494be4e79f0ce02,"sao paulo",SP,820.00,6,6,136.67,NULL,NULL,8.33,0.00,-11.33
28f10b1c5e5abb9d4857745bede6147c,"sao paulo",SP,835.00,28,28,29.82,NULL,NULL,7.18,14.29,-6.61
28fb0829fd777877cdc350d25cb5bd5b,"sao jose do rio pret",SP,279.80,2,2,139.90,NULL,NULL,14,0.00,-11
293dee954235e4e4e43f129313625ebe,brasilia,DF,1778.92,8,8,222.37,NULL,NULL,14.12,0.00,-17.62
2953ce3a88f5e3c3b696d77fc9e4c8eb,"sao paulo",SP,470.00,14,15,33.57,NULL,NULL,7.53,6.67,-4.87
296729ffb9b684050dd24836dac4494a,curitiba,SP,114.00,2,2,57.00,NULL,NULL,7,0.00,-13
297d5eccd19fa9a83b2630071ff105e4,curitiba,PR,834.97,8,8,104.37,NULL,NULL,6.5,0.00,-12.62
299c89a525fee36c567f4fe72f038100,"varzea alegre",CE,189.00,1,1,189.00,NULL,NULL,9,0.00,-5
29c322e3f09f886f8bacbe91dfbd979e,"santa maria",RS,48.98,1,2,48.98,NULL,NULL,6,0.00,-20
29e6e05b65f93bc224c644319dc52ecf,"juiz de fora",MG,475.60,4,4,118.90,NULL,NULL,6.25,0.00,-15
29fe9f200d3fa0c668d2aa1ec7e08dfb,"balneario camboriu",SC,400.00,5,5,80.00,NULL,NULL,10.4,0.00,-16
2a1348e9addc1af5aaa619b1a3679d6b,"belo horizonte",MG,2697.40,48,51,56.20,NULL,NULL,26.78,29.41,0.71
2a167ca73899c85001a837d8fb4962f6,"sao paulo",SP,4097.00,2,3,2048.50,NULL,NULL,7,0.00,-13.67
2a261b5b644fa05f4f2700eb93544f2c,"porto ferreira",SP,5355.00,51,82,105.00,NULL,NULL,14.04,19.51,-9.11
2a50b7ee5aebecc6fd0ff9784a4747d6,brasilia,DF,199.80,1,2,199.80,NULL,NULL,39,100.00,17
2a5b78b41cd05baeac8df54c6606b92c,formiga,MG,15554.28,46,56,338.14,NULL,NULL,8.89,1.79,-18.71
2a61c271b1ac763450d846849783e922,"santo andre",SP,1486.77,17,22,87.46,NULL,NULL,19.36,13.64,-7.32
2a6fbeaa7ab9e5d59a35841a8da71ce4,"jaragua do sul",SC,1632.79,30,30,54.43,NULL,NULL,13.9,6.67,-12.8
2a73cba571d90c694b7caca072ccf6ce,"sao caetano do sul",SP,342.78,1,2,342.78,NULL,NULL,21,0.00,0
2a7c6c0b0d5efde2bf75ec1e1cec2d41,maringa,PR,147.60,3,3,49.20,NULL,NULL,10.33,0.00,-15.33
2a7dc43cecabf23403078e2188437d1d,"sao paulo",SP,4795.91,52,54,92.23,NULL,NULL,12.52,5.56,-10.26
2a84855fd20af891be03bc5924d2b453,"belo horizonte",MG,14989.00,155,159,96.70,NULL,NULL,8.08,2.52,-12.48
2aa3443d7bf9d9bb11133f420d75e083,"rio de janeiro",RJ,647.00,10,10,64.70,NULL,NULL,10,20.00,-8.9
2aafae69bf4c41fbd94053d9413e87ee,"porto alegre",RS,94.00,2,2,47.00,NULL,NULL,8,0.00,-27.5
2addf05f476d0637864454e93ba673d5,brasilia,DF,4552.00,12,12,379.33,NULL,NULL,10,0.00,-15.08
2b03ac196f5ed62ac483960fe0fa3b65,"sao paulo",SP,843.10,7,7,120.44,NULL,NULL,12.57,14.29,-9.57
2b1a40c1daabc6ca280c4b815c101841,divinopolis,MG,12342.60,22,33,561.03,NULL,NULL,13.36,3.03,-14.06
2b2fed75b8e5ea3a052fc4c0825da485,"juiz de fora",MG,510.90,3,4,170.30,NULL,NULL,4,0.00,-20.25
2b3b9ce054da76a7428df143a567b156,"sao paulo",SP,301.00,5,6,60.20,NULL,NULL,6.5,0.00,-17.67
2b3e4a2a3ea8e01938cabda2a3e5cc79,"sao paulo",SP,23629.15,52,54,454.41,NULL,NULL,8.13,0.00,-11.96
2b402d5dc42554061f8ea98d1916f148,irece,BA,299.89,1,1,299.89,NULL,NULL,6,0.00,-25
2b5ed0c9139dae8883a200dfcb272ece,"sao paulo",SP,85.41,4,4,21.35,NULL,NULL,16.5,25.00,-5.25
2ba91c7ad80ff88b23b7db823b43c233,itu,SP,740.40,6,6,123.40,NULL,NULL,18.33,16.67,-3
2bd05d410a8fd26dc4184a15f4f2f588,"belo horizonte",MG,1316.73,6,7,219.46,NULL,NULL,8.71,0.00,-18.43
2bdb95a56a36ebbc6640337ac5eac174,"sao paulo",SP,89.90,1,1,89.90,NULL,NULL,5,0.00,-34
2be17df1c49978426251562096c3cc09,tubarao,SC,2165.00,16,16,135.31,NULL,NULL,11.81,6.25,-16.12
2bf28e311bba65237358230cabac3f15,londrina,PR,294.00,7,8,42.00,NULL,NULL,12,25.00,-10.25
2bf6a2c1e71bbd29a4ad64e6d3c3629f,"nova friburgo",RJ,50628.90,30,31,1687.63,NULL,NULL,12.77,6.45,-14.74
2c00c85d30361cd2ced2969cffbbffa3,"belo horizonte",MG,49.80,1,1,49.80,NULL,NULL,1,0.00,-8
2c2c9832d1bb38c5b0034a3b47d313ee,"santa maria",RS,49.90,1,1,49.90,NULL,NULL,12,0.00,-14
2c3d56f92f360fb89d849b84e8f50eae,barueri,SP,425.10,7,7,60.73,NULL,NULL,13.29,14.29,-5.29
2c43fb513632d29b3b58df74816f1b06,"belo horizonte",MG,858.00,3,3,286.00,NULL,NULL,3.67,0.00,-16.67
2c4c47cb51acd5ea5db5e0ae0e26542a,buritama,SP,2575.90,12,15,214.66,NULL,NULL,10.27,0.00,-13.33
2c538755f1ca9540af144f266e70df6c,"castro pires",MG,334.99,1,1,334.99,NULL,NULL,6,0.00,-17
2c54051840f19eca309a5423cf22df36,curitiba,PR,23.70,2,2,11.85,NULL,NULL,8.5,0.00,-14.5
2c9005d8043aff18b8557ffb7b13cda4,"cachoeiro de itapemirim",ES,109.90,1,1,109.90,NULL,NULL,7,0.00,-8
2c9e548be18521d1c43cde1c582c6de8,"mogi das cruzes",SP,6013.56,124,171,48.50,NULL,NULL,13.31,16.37,-6.92
2cb4700db635baa1c0d4f90ed27b6669,curitiba,PR,199.80,2,2,99.90,NULL,NULL,16,0.00,-29
2cb6eb1b7185064167657fa09f541105,sabara,MG,1217.90,6,7,202.98,NULL,NULL,7.86,0.00,-13
2cb98e27ce1c18abdb42209b34c382a7,"ribeirao preto",SP,62.49,1,1,62.49,NULL,NULL,19,0.00,-16
2d20f1cd18725c91147da0791d498022,londrina,PR,99.80,1,1,99.80,NULL,NULL,9,0.00,-8
2d22fc3089eb907b29ebff50581fb472,macae,RJ,317.70,3,3,105.90,NULL,NULL,9.33,0.00,-10.67
2d2322d842118867781fc737e96d59a1,"sao paulo",SP,176.40,8,10,22.05,NULL,NULL,6.7,10.00,-6.3
2d2c62bef4c8ba0dd74e0e228e808539,"ribeirao preto",SP,3749.00,16,16,234.31,1.00,100.00,9.94,12.50,-9.31
2d34636518ba88f5349b732fcf8ba2e4,"sao paulo",SP,150.00,1,1,150.00,NULL,NULL,10,0.00,-28
2d378dbb39815785238c0139c7647fb7,"sao francisco do sul",SC,1154.00,2,2,577.00,NULL,NULL,19,0.00,-18
2d42ebcda99fd55f6f4bc2f1ca035d50,uruacu,GO,921.50,10,11,92.15,NULL,NULL,9.27,0.00,-14.55
2d50d6282f8aa2257819a77bfaa0efe0,ibitinga,SP,3008.48,42,43,71.63,NULL,NULL,13.3,9.30,-10.26
2d518637f53161b973e01f56ea4bb88e,"sao paulo",SP,1219.89,13,13,93.84,NULL,NULL,13.31,0.00,-21.62
2d8cfba3fcd3170555941605edaa196a,osasco,SP,45.00,1,1,45.00,NULL,NULL,4,0.00,-14
2d9e8987a2ea5cf88dce330249043ff1,jaci,SP,239.80,2,2,119.90,NULL,NULL,8.5,0.00,-5.5
2dcf93836ae3ce0d7c93e2f10876467a,"sao jose dos campos",SP,1443.80,9,12,160.42,NULL,NULL,5.92,16.67,-9.17
2dd1fb6f0e42a2243b8a01e40cd41216,curitiba,PR,686.89,3,4,228.96,NULL,NULL,15.5,0.00,-14.75
2dee2ce60de9709b1a24083217181a1f,sinop,MT,7784.50,54,55,144.16,NULL,NULL,13.96,3.64,-17.15
2e0dba2da448400b1c11d7b4b22f32a4,"santo andre",SP,235.87,7,13,33.70,NULL,NULL,8.08,0.00,-15.31
2e13c71026e1a39ba5cc1b86dcb679aa,"sao paulo",SP,3793.00,24,28,158.04,5.00,0.00,9.71,3.57,-14.18
2e1a7d075abe038c1b2743005fe42ff1,"sao paulo",SP,1366.80,18,22,75.93,NULL,NULL,14.36,27.27,-6.05
2e1c9f22be269ef4643f826c9e650a52,"sao paulo",SP,12170.24,161,167,75.59,5.00,0.00,9.29,5.99,-10.5
2e2f44824ab87a0cb961f68bf4073e7f,curitiba,PR,48.00,1,1,48.00,NULL,NULL,10,0.00,-10
2e3be8a987a30d7544dbbda6861cc14e,"belo horizonte",MG,2472.86,14,15,176.63,NULL,NULL,13.53,6.67,-10.93
2e7ea2aafec5835e781b21d6d1faf1f1,"sao paulo",SP,528.40,7,7,75.49,NULL,NULL,6.71,14.29,-5.29
2e90cb1677d35cfe24eef47d441b7c87,"sao paulo",SP,13894.71,127,137,109.41,4.00,0.00,11.65,11.68,-10.75
2ea0861cc19e94cad86438c984c52da4,"sao paulo",SP,165.60,6,6,27.60,NULL,NULL,4.83,0.00,-7.83
2eb70248d66e0e3ef83659f71b244378,campinas,SP,38990.72,187,197,208.51,NULL,NULL,17.51,11.68,-10.12
2ec6e37d992a95eaddb3369dcbcc76d9,"porto alegre",RS,159.80,2,2,79.90,NULL,NULL,9.5,0.00,-19
2ee0a0689f2f6a72f35a7cb6033f6e7e,"presidente prudente",SP,272.00,4,4,68.00,NULL,NULL,9,0.00,-11.75
2eeb6531ee027a48d401e72bebdd87d3,"sao jose dos campos",SP,38.70,3,3,12.90,NULL,NULL,11.33,0.00,-27.33
2ef086a599b597572aca4433b7ed6b3d,"jaragua do sul",SC,49.00,1,1,49.00,NULL,NULL,11,0.00,-15
2f09f7d37a97956d11cc1a7cadd5262b,"ribeirao preto",SP,625.00,7,8,89.29,NULL,NULL,12.62,12.50,-9.88
2f1e7b90e01d9f086cbcb301c0c3d406,blumenau,SC,59.00,1,1,59.00,NULL,NULL,7,0.00,-10
2f3d8b4c9e2ee165075331fea3f3095a,"sao jose",SC,130.00,1,1,130.00,NULL,NULL,12,0.00,-15
2f4b0d3b9634b647d4edee577d7ebb7e,"sao paulo",SP,337.90,10,11,33.79,NULL,NULL,6.27,0.00,-7.91
2f4b9d112bfa44a214bc6cef085d17c8,"afonso claudio",ES,293.99,5,6,58.80,NULL,NULL,13.83,0.00,-26
2f73e04d12cdf0c945ded66bb3fcf6c7,"cachoeiro de itapemirim",ES,1359.00,3,3,453.00,NULL,NULL,13,0.00,-17.67
2f74af7a0ee5636f12c2336f9fffed47,"sao paulo",SP,560.70,13,13,43.13,NULL,NULL,9.31,0.00,-8.77
2f9b7ce230a057a98a9f5df5893ee36c,barueri,SP,141.82,2,2,70.91,NULL,NULL,10,0.00,-6.5
2fa13c8bd5705d279f7ed5cc9ec61c68,"sao paulo",SP,87.40,2,4,43.70,NULL,NULL,4.5,0.00,-10
2fb25ab44bdbeae6a4d816e0d0c9d500,"volta redonda",RJ,683.08,5,5,136.62,NULL,NULL,8,0.00,-19
2fdde51ad3e12f297da656d4fbd5d0b5,joinville,SC,5803.00,9,9,644.78,NULL,NULL,14.89,0.00,-18
2ff6b7bff164ef05590a52734e1296da,londrina,PR,1803.59,7,7,257.66,NULL,NULL,11.29,0.00,-15.14
2ff97219cb8622eaf3cd89b7d9c09824,salto,SP,4339.10,87,94,49.87,NULL,NULL,8.33,3.19,-9.39
3076499bbc033a927bf4a8a41bcf7fd4,auriflama,SP,359.33,7,9,51.33,NULL,NULL,6.56,0.00,-9.78
3078096983cf766a32a06257648502d1,"scao jose do rio pardo",SP,7910.84,56,61,141.27,NULL,NULL,11.62,3.28,-12.43
30829ded4523ab9224b93bc49a62c95f,parai,RS,6911.71,18,31,383.98,NULL,NULL,10.13,3.23,-18.65
3092c0b297aacfb4bb6e056ebe13b9b8,aruja,SP,1184.30,16,17,74.02,NULL,NULL,13.18,0.00,-26.94
30a2f535bb48308f991d0b9ad4a8c4bb,"santa barbara d'oeste",SP,4731.30,71,87,66.64,NULL,NULL,7.97,3.45,-12.91
30a81d8cf85fb2ada1b1b094c9583a95,"sao paulo",SP,1245.42,17,20,73.26,NULL,NULL,3.65,0.00,-7.6
30c7f28fd3a5897b2c82d152bb760c17,niteroi,RJ,1849.38,6,6,308.23,NULL,NULL,20.33,16.67,-2.67
312ba1d77e9c332ef21f9598b7f64cd7,guarulhos,SP,513.00,7,7,73.29,NULL,NULL,25.29,57.14,4.71
31344c16881c08a8a72c6d2eb29918c1,uba,MG,9365.80,42,42,223.00,NULL,NULL,15.24,4.76,-10.33
31561f325664a8a7aba4c8d0c3a9b3db,"sao paulo",SP,2702.19,36,38,75.06,NULL,NULL,6.79,0.00,-9.66
318f287a62ab7ac10b703ac37435a231,"sao paulo",SP,2432.48,51,61,47.70,1.75,75.00,11.72,11.48,-9.48
31ae0774c17fabd06ff707cc5bde005f,americana,SP,6719.85,11,11,610.90,NULL,NULL,11.45,9.09,-12.36
31be790e64fc99f8ff48ec2bd18a3104,"sao bernardo do campo",SP,241.40,6,6,40.23,NULL,NULL,6.17,33.33,-2.83
31da954dc0855f2495c6310f70a2f931,araras,SP,4583.00,29,30,158.03,NULL,NULL,7.67,6.67,-10.8
31e60bf8d103ce47932a85f5562deb16,goiania,GO,181.00,1,1,181.00,NULL,NULL,14,0.00,-20
31eec405c9bb71dec8e2629a92e764fa,"cachoeiro de itapemirim",ES,256.89,5,5,51.38,NULL,NULL,8,0.00,-14.4
323ce52b5b81df2cd804b017b7f09aa7,"sao paulo",SP,2374.30,29,29,81.87,NULL,NULL,16.66,13.79,-5.66
324583d68897f5ddbaf38f6248322176,"sao jose do rio preto",SP,84.00,2,3,42.00,NULL,NULL,25,66.67,3
325f3178fb58e2a9778334621eecdbf9,"taboao da serra",SP,981.70,36,46,27.27,NULL,NULL,5.72,0.00,-12.04
327b89b872c14d1c0be7235ef4871685,manaus,AM,1177.00,3,3,392.33,NULL,NULL,47.33,33.33,9
3289d8c3eef4873f91ce0b1343c0dd58,"praia grande",SP,199.99,1,1,199.99,NULL,NULL,13,0.00,-20
328acb143b4a73aad6bee8e734f5d20d,"foz do iguacu",PR,699.98,2,2,349.99,NULL,NULL,11.5,0.00,-17
3296662b1331dea51e744505065ae889,catanduva,SP,517.80,1,1,517.80,NULL,NULL,3,0.00,-11
32b8764b4ef628b53608fc34011fcc13,lages,SC,8884.00,36,38,246.78,NULL,NULL,10.87,2.63,-14.74
32e5635e63cb374eb63afdd242fb6134,"rio de janeiro",RJ,910.00,1,1,910.00,NULL,NULL,7,0.00,-5
32f1bb9dfa65bc7df5c0d9d95a616be4,"sao paulo",SP,246.49,4,5,61.62,NULL,NULL,6,40.00,-5.4
32f83ffe11cd40f7adcf4eef171f52d9,uruguaiana,RS,29.99,1,1,29.99,NULL,NULL,10,0.00,-15
32fdd5d44ecb43dfd6a24b9369eca144,"carmo do cajuru",MG,479.20,8,8,59.90,NULL,NULL,15.38,0.00,-16.75
333c4210e76a1aa2ab817b99437e3ff1,"vargem grande do sul",SP,335.00,2,2,167.50,NULL,NULL,7,0.00,-23.5
3340ef1913fb70d28420f6ceb685c339,maringa,PR,6731.15,32,42,210.35,NULL,NULL,15,2.38,-11.17
334cab711dee080b079fa5779b584783,"santo andre",SP,1069.70,11,26,97.25,NULL,NULL,6.42,0.00,-14.46
33576ec5412fb5905d876f12f33bfde6,curitiba,PR,2718.00,31,32,87.68,NULL,NULL,14.19,3.13,-17.22
3361277dc30b7cccdb0c286b24219756,maringa,PR,3905.05,29,42,134.66,NULL,NULL,13.36,11.90,-15.02
3364a91ec4d56c98e44174de954b94f6,"porto velho",RO,3579.94,6,6,596.66,NULL,NULL,14.33,0.00,-26
33a17d60c64393351ebf1ef860f4e0f2,"porto alegre",RS,8152.48,43,47,189.59,NULL,NULL,10.13,2.13,-16.11
33a6f4b1e7cdc205511e76ba1b6e0186,guarulhos,SP,10295.01,105,126,98.05,5.00,0.00,8.09,1.59,-13.69
33ab10be054370c254ddfcf0a6253422,"rio de janeiro",RJ,213.20,4,4,53.30,NULL,NULL,5.5,0.00,-9
33ac3e28642ab8bda860a2f693000e78,cotia,SP,3661.03,34,35,107.68,NULL,NULL,8.17,0.00,-13.06
33c51922b6e3c16b24a8f28e5833c99d,londrina,PR,6657.87,18,20,369.88,NULL,NULL,14.25,5.00,-13.85
33cbbec1e7e1044aaf11d152172c776f,"bento goncalves",RS,730.67,15,16,48.71,NULL,NULL,7.69,0.00,-16.06
33cbda8716511e27e556dff9d8418bf2,blumenau,SC,507.40,5,6,101.48,NULL,NULL,12.5,0.00,-17.5
33d677f27a69b84051204ee4ae76eaca,joinville,SC,165.00,9,10,18.33,NULL,NULL,8.9,0.00,-19.9
33dd941c27854f7625b968cc6195a552,"vila velha",ES,6787.50,5,5,1357.50,NULL,NULL,11.2,0.00,-19.8
33fd411ed63a7c2f9005e3f065d9f85d,condor,RS,24.90,1,1,24.90,NULL,NULL,8,0.00,-25
34056b8b55c1775a22af2331670a799c,penapolis,SP,6398.70,77,77,83.10,NULL,NULL,12.49,11.69,-10.92
340636a908b13bbe0f4fb63fbe1d0c03,"sao jose dos campos",SP,490.50,3,3,163.50,NULL,NULL,7.33,0.00,-10
343e716476e3748b069f980efbaa294e,campinas,SP,922.60,17,24,54.27,NULL,NULL,15.35,4.17,-15.78
3442033154be05bac582e173ef54fd12,"sao paulo",SP,161.00,1,1,161.00,NULL,NULL,3,0.00,-3
344223b2a90784f64136a8a5da012e7f,gaspar,SC,10.90,1,1,10.90,NULL,NULL,32,0.00,0
3442f8959a84dea7ee197c632cb2df15,campinas,SP,218.70,3,3,72.90,NULL,NULL,12.67,33.33,-6
34675b28b826facfde119785bf287dc1,cascavael,PR,21.99,1,1,21.99,NULL,NULL,5,0.00,-16
3481aa57cd91f9f9d3fa1fa12d9a3bf7,capivari,SP,1773.03,25,25,70.92,NULL,NULL,9.76,0.00,-16.88
3492e68f37fd1df87f4f2f2ea247f445,salto,SP,787.86,8,9,98.48,NULL,NULL,9.67,0.00,-8
34a557286ead8fe75c989e0afcf7d98c,franca,SP,414.90,4,4,103.73,NULL,NULL,7.75,0.00,-11.25
34d1ca11b242c0fee2c834ae8d788566,congonhas,MG,13422.24,40,41,335.56,NULL,NULL,12.63,0.00,-14.02
34f563c82a85b99ae9e6d60db5fc2e28,"campo bom",RS,2332.30,8,8,291.54,NULL,NULL,10.12,0.00,-12.62
3504c0cb71d7fa48d967e0e4c94d59d9,maua,SP,2349.94,53,53,44.34,NULL,NULL,6.94,0.00,-10.79
35281d148dcf7134bae913c57db4e6da,"sao paulo",SP,119.99,1,1,119.99,NULL,NULL,5,0.00,-22
353e21e8bf8de2722b4fae1636664b76,canoas,RS,208.00,4,4,52.00,NULL,NULL,8.75,0.00,-17.25
35857757f553273b1056c1cabdace7fb,"ribeirao preto",SP,454.60,6,6,75.77,NULL,NULL,17.67,16.67,-5.83
3586b8580d9c917874e053a1bb37b5ff,araraquara,SP,1524.70,36,43,42.35,NULL,NULL,13.67,4.65,-17
35b96509602ec4b7da831b5cd73ff2c2,"sao leopoldo",RS,558.90,2,2,279.45,NULL,NULL,8.5,0.00,-14
35ef5aa32949680f627efec3c23e705c,sombrio,SC,361.60,4,5,90.40,NULL,NULL,11.2,0.00,-17.2
35fb511489d9ee3ee27a76debce9df06,londrina,PR,414.50,7,7,59.21,NULL,NULL,16.43,14.29,-10.57
3606774ec64634822d78dc2db6d37045,"sao caetano do sul",SP,179.90,1,1,179.90,NULL,NULL,15,0.00,-35
365e445f796710c3431557e85caa25db,"sao paulo",SP,1115.00,4,5,278.75,NULL,NULL,9.2,0.00,-15.6
365e4bce19bda0082c3d15d83fdb8bcd,"sao caetano do sul",SP,796.40,6,7,132.73,NULL,NULL,10.86,0.00,-12.43
36890be00bbfc1cdb9a4a38a6af05a69,osasco,SP,1361.30,13,13,104.72,NULL,NULL,8.92,15.38,-11.62
36a968b544695394e4e9d7572688598f,santos,SP,6864.47,148,156,46.38,5.00,0.00,10.24,3.21,-12.31
36f98ad67cc981f50ce8aed093d5783c,toledo,PR,119.40,2,2,59.70,NULL,NULL,5.5,0.00,-13.5
37303482a42fb700d8d127e70a9cd6c8,campinas,SP,58.90,1,1,58.90,NULL,NULL,2,0.00,-15
373ee4a3a775a733770ca3f790b8b9ac,"rio de janeiro",RJ,2141.49,13,22,164.73,NULL,NULL,10.09,9.09,-9.55
37515688008a7a40ac93e3b2e4ab203f,dracena,SP,5954.10,227,239,26.23,NULL,NULL,14.63,7.95,-8.1
376a891762bbdecbc02b4b6adec3fdda,goiania,GO,6406.23,57,58,112.39,5.00,0.00,11.71,3.45,-15.31
376d67b61dce0c990155286e7ae486a4,"sao paulo",SP,94.00,1,1,94.00,NULL,NULL,14,0.00,-5
3771c85bac139d2344864ede5d9341e3,sorocaba,SP,1433.30,26,30,55.13,NULL,NULL,12.3,13.33,-8.3
377bc18334c78dd2f1535ef22a3ad225,"sao jose dos pinhais",PR,135.98,1,1,135.98,NULL,NULL,9,0.00,-13
3785b653b1b82de85ab47dd139938091,ampere,PR,1552.00,21,24,73.90,NULL,NULL,10.96,0.00,-19.25
37be5a7c751166fbc5f8ccba4119e043,"sao paulo",SP,54735.55,269,278,203.48,NULL,NULL,10.17,2.52,-13.57
37dd29b36c458d82f74a953c40c43645,limeira,SP,4536.99,7,8,648.14,NULL,NULL,18.5,12.50,-9.62
38102b031c2a15e54623d711bfc753d3,mucambo,CE,418.00,8,10,52.25,NULL,NULL,21.1,0.00,-14.6
381c83fdca332ea6afd896da20bf6e4a,curitiba,PR,7355.80,46,46,159.91,NULL,NULL,12.26,2.17,-15.85
382229d1e840115ffe3dbf5ff460e417,"rio de janeiro",RJ,4037.06,45,48,89.71,NULL,NULL,8.52,6.25,-10.42
385799a1cddbd26dfeb9157356a42282,"sao paulo",SP,551.94,4,6,137.99,NULL,NULL,5.83,0.00,-14.67
38874e327ce94d11390b96eb42d61928,itaquaquecetuba,SP,3779.94,6,6,629.99,5.00,0.00,19.5,16.67,-11.67
389e45560e33d2d0747f949dcddbc08e,"sao jose dos campos",SP,39.00,1,1,39.00,NULL,NULL,3,0.00,-7
38af8acfd46ac4a7bf754e8ca6736664,"sao paulo",SP,345.00,5,5,69.00,NULL,NULL,6,0.00,-14.2
38e679b9e0064cd94c6f035707344dae,londrina,PR,3644.15,27,28,134.97,NULL,NULL,10.75,3.57,-16.86
38e6dada03429a47197d5d584d793b41,"sao paulo",SP,596.14,7,12,85.16,NULL,NULL,12.42,0.00,-7.33
38f276ca6e7cc95a6d1bb55ac9e5550f,marilia,SP,24.99,1,1,24.99,NULL,NULL,5,0.00,-14
3903c788ded8dc03b5ebab37a2f3e9a1,carapicuiba,SP,119.98,5,5,24.00,NULL,NULL,10,20.00,-5.6
391bbd13b6452244774beff1824006ed,campinas,SP,63.90,1,1,63.90,NULL,NULL,44,100.00,24
391fc6631aebcf3004804e51b40bcf1e,ibitinga,SP,39475.30,521,605,75.77,5.00,0.00,13.8,7.93,-11.71
392353362d22cc2c236e1ee81ff19890,blumenau,SC,288.70,5,10,57.74,NULL,NULL,7.7,0.00,-14.6
392e0502231ae2f8b29994ef6398cd77,"cerqueira cesar",SP,1572.90,17,17,92.52,NULL,NULL,17.06,11.76,-7.94
392f7f2c797e4dc077e4311bde2ab8ce,"rio de janeiro",RN,52.00,2,2,26.00,NULL,NULL,5,0.00,-8
3935fe5fe0f82787a9dcb8deb62be09d,"sao paulo",SP,1681.69,16,17,105.11,NULL,NULL,10.47,11.76,-10.65
3968920b9aa752ab98f7d5888c9252f2,bauru,SP,523.30,8,10,65.41,NULL,NULL,8.1,10.00,-13.6
3969863bb8af7f72580b3b1ffd3a17b3,"sao paulo",SP,623.15,12,13,51.93,NULL,NULL,9.38,0.00,-11.54
397c4d0c005b6f41f90098ac724e28cb,"santo andre",SP,8177.00,5,5,1635.40,NULL,NULL,15.8,40.00,-5.8
3985a3c45be355a4c57fde108bfabd1c,rolante,RS,344.20,7,8,49.17,NULL,NULL,10.38,0.00,-17.88
3986c0b54f6b748b75e7bd4e092aa3e5,curitiba,PR,24.99,1,1,24.99,NULL,NULL,6,0.00,-12
398cb257329ef7af7f1943a8974a3cbc,salvador,BA,145.90,1,1,145.90,NULL,NULL,7,0.00,-18
39a5005f2605cbdb4f9ac14485cabfd1,barretos,SP,501.07,3,8,167.02,NULL,NULL,10.25,0.00,-14.12
39c763cca83e654764b7a4a650fb9b7c,goiania,GO,761.00,11,11,69.18,NULL,NULL,13,18.18,-6.82
39d54ff918774174706fb065d7f9dc07,"sao paulo",SP,1554.69,22,24,70.67,NULL,NULL,14.67,8.33,-12.38
39d61be7a92eb77b7da367bd4845bc0e,"sao paulo",SP,700.59,7,14,100.08,NULL,NULL,10.21,0.00,-11.14
39f776d2974049026ff531fc42ef2a3e,goiania,GO,1084.04,3,4,361.35,NULL,NULL,15,0.00,-21.75
3a1a1fec38dd360f15fc912e821e169d,"sao paulo",SP,2007.38,15,15,133.83,NULL,NULL,14.13,26.67,-5.2
3a3c180dd702a725bd0ba4117689239e,"uniao da vitoria",PR,41.90,1,1,41.90,NULL,NULL,13,0.00,-7
3a3e46d10f74d8a6ca76e2b538f106a0,"sao paulo",SP,299.90,2,5,149.95,NULL,NULL,15.4,0.00,-20.8
3a4127e1ba7208ea37044c5092aae170,"sao paulo",SP,1842.70,5,5,368.54,5.00,0.00,11.4,0.00,-13.8
3a490ba60afa30ece0e7d50cfe74a4f0,"belo horizonte",MG,1529.20,8,8,191.15,NULL,NULL,11.62,0.00,-13
3a52d63a8f9daf5a28f3626d7eb9bd28,"aguas claras df",SP,35.00,1,1,35.00,NULL,NULL,6,0.00,-41
3a734b715d333a2588a3d54a0c9b8746,osasco,SP,2121.52,15,21,141.43,NULL,NULL,11.19,4.76,-12.81
3a79f35a2344ede41af21267f61d5ec6,campinas,SP,186.00,1,1,186.00,NULL,NULL,14,0.00,-8
3aa3c89ae3cd482385568be76120f63c,goiania,GO,29.90,1,1,29.90,NULL,NULL,10,0.00,-8
3ab971ce71839580d2ae5b4e40fe8044,"sao paulo",SP,4917.00,35,37,140.49,NULL,NULL,6.35,5.41,-12.14
3ac588cd562971392504a9e17130c40b,limeira,SP,11.90,1,1,11.90,NULL,NULL,7,0.00,-6
3ade81dab5a172b88e1871c28ae05260,"sao jose do rio preto",SP,5383.60,28,30,192.27,NULL,NULL,13.2,10.00,-10.5
3afc536624bc2e65bddfb5db33cc01f3,"belo horizonte",MG,312.00,6,6,52.00,NULL,NULL,9.5,0.00,-9.5
3b15288545f8928d3e65a8f949a28291,ibitinga,SP,13764.82,101,118,136.29,5.00,0.00,13.8,6.78,-11.82
3b18f9856c6eb2413eafedb58e9eecd9,"santo andre",SP,315.00,1,1,315.00,NULL,NULL,9,0.00,-17
3b872fd4747f01cc56206f2934198618,ibitinga,SP,2726.74,25,27,109.07,NULL,NULL,14,14.81,-9.07
3bb32fedaa74e4ad20f4ce067733bd31,"porto belo",SC,103.70,2,3,51.85,NULL,NULL,5.33,0.00,-10.33
3bb548e3cb7f70f28e3f11ee9dce0e59,maringa,PR,7690.02,46,53,167.17,NULL,NULL,10.25,0.00,-17.87
3bdff180c7e1f6551a643b99c265a120,"sao paulo",SP,3008.20,56,58,53.72,NULL,NULL,9.83,3.45,-12.36
3be5841cdcc46de4ed3f9116f104b2c5,barueri,SP,599.60,4,4,149.90,NULL,NULL,7.5,0.00,-25.75
3be634553519fb6536a03e1358e9fdc7,"sao paulo",SP,5231.02,80,95,65.39,5.00,0.00,9.33,6.32,-10.78
3bfba5a77604f6dfae7e6dd7aaf65821,londrina,PR,2095.50,4,4,523.88,NULL,NULL,8.75,0.00,-8.75
3c010235b7345c92f125d14ee232a76b,mandirituba,PR,3578.00,15,15,238.53,NULL,NULL,10.53,0.00,-9.13
3c03b12bab54d8b37d79d914bfdb1aa0,"sao joao de meriti",RJ,4236.34,37,43,114.50,NULL,NULL,13.28,16.28,-8.81
3c3017960b2dbd72711a61f0400aab8f,"jaragua do sul",SC,878.90,9,9,97.66,NULL,NULL,11.89,0.00,-21.33
3c487ae8f8d7542beff5788e2e0aea83,gama,DF,9385.70,30,33,312.86,NULL,NULL,13.09,3.03,-11.06
3c4e0452bff7a2a788179488d3d77032,colombo,PR,3746.40,32,36,117.08,NULL,NULL,13.11,2.78,-15.61
3c7c4a49ec3c6550809089c6a2ca9370,"sao paulo",SP,4002.75,139,158,28.80,NULL,NULL,9.35,5.70,-9.44
3c88ed2e76a2247933a15daa7161eb1c,cosmopolis,SP,155.00,1,1,155.00,NULL,NULL,19,0.00,-9
3ca08eeb8d5595949fed424bd3677742,curitiba,PR,1688.88,13,13,129.91,NULL,NULL,9.85,0.00,-14.38
3cfa1358a6caa965278721344c8d76f2,"sao bernardo do campo",SP,3140.28,5,5,628.06,NULL,NULL,5.6,0.00,-16
3d01d1c414c44b5943a09619ff3853cb,campinas,SP,303.60,4,4,75.90,NULL,NULL,13.5,0.00,-14
3d0cd21d41671c46f82cd11176bf7277,joinville,SC,447.80,9,11,49.76,NULL,NULL,12.45,0.00,-12.09
3d2400ac620cffa23ac81bd192f7f555,"sao bernardo do campo",SP,105.00,1,1,105.00,NULL,NULL,7,0.00,-1
3d2531eccfbde1d7c8db7a3a12fb267a,contagem,MG,1999.54,10,10,199.95,NULL,NULL,9.6,0.00,-14
3d290fe363c60a77498c1126fd3fb8d3,itapevi,SP,198.98,3,3,66.33,NULL,NULL,7,0.00,-12.67
3d39fbf22a665714baf62fae36029e23,campinas,SP,2504.20,8,8,313.03,NULL,NULL,8,0.00,-13.38
3d3ccf2b2f8134b10dce9dd446f0e075,ibitinga,SP,608.60,3,3,202.87,NULL,NULL,16.33,33.33,-4.67
3d4824f20035949c710eaf111f869d39,sorocaba,SP,449.97,8,9,56.25,NULL,NULL,8.67,22.22,-16.89
3d49bfdd1b43a7fe169b3740067acc61,"montes claros",MG,215.00,3,3,71.67,NULL,NULL,8.33,0.00,-20.33
3d4b1ae7539303b5704493798893e82c,"sao paulo",SP,1076.00,6,9,179.33,NULL,NULL,11.22,0.00,-10.44
3d5d0dc7073a299e31fa718ce1bc00b6,"rio de janeiro",RJ,674.80,21,22,32.13,NULL,NULL,7.86,9.09,-13.09
3d621842b2ed28e2b474132480edac3c,"sao paulo",SP,873.93,8,8,109.24,NULL,NULL,9.25,0.00,-11.88
3d62f86afa7c73be2628a3be1423f5a0,jacarei,SP,12.00,2,2,6.00,NULL,NULL,16.5,0.00,-21
3d68c634a99a1ba46dbca3967a69c623,"nova trento",SC,594.00,2,2,297.00,NULL,NULL,9,0.00,-7.5
3d700782d7818f2c1e0d7a9e9d75fc00,sertanopolis,SP,149.70,3,3,49.90,NULL,NULL,25.33,33.33,-2.67
3d871de0142ce09b7081e2b9d1733cb1,"campo limpo paulista",SP,93407.40,1064,1131,87.79,3.00,50.00,12.96,5.48,-13.12
3d8fa2f5b647373c8620330c4e077a9f,"sao paulo",SP,3501.74,42,47,83.37,NULL,NULL,8.87,2.13,-13.23
3da38366e7bd9baf6369071f782ecdf0,fortaleza,CE,59.47,1,1,59.47,NULL,NULL,53,100.00,6
3db66a856d18a9cba7c9241fc5221c50,"ponte nova",MG,9478.30,94,97,100.83,NULL,NULL,15.36,10.31,-11.93
3dbbce181edfaa4a597ec858c382d2ec,curitiba,PR,848.30,17,20,49.90,NULL,NULL,13.8,5.00,-10.5
3dc69bf2c42f0568a5c4791ec3fd3745,"sao paulo",SP,150.00,1,1,150.00,NULL,NULL,26,0.00,-1
3ded4e2d5f135cb103e5949d7263d2dd,"pouso alegre",MG,49.90,1,1,49.90,NULL,NULL,5,0.00,-17
3df020b72d3d44b3af9d110fa3940b65,jales,SP,5039.90,55,101,91.63,NULL,NULL,12.35,9.90,-10.92
3dfd3dc96f7f8598eca74e9ac8a2fa31,"sao paulo",SP,183.00,6,6,30.50,NULL,NULL,11.83,16.67,-10.17
3e35a8bb43569389d3cebef0ce820f69,"sao paulo",SP,55.80,1,2,55.80,NULL,NULL,7,0.00,-10
3e46a38ee171c503c3b4a3f23fe3bf0c,sorocaba,SP,59.90,1,1,59.90,NULL,NULL,4,0.00,-9
3e51f9cbe317bc3a88f2c76583811ee4,"sao paulo",SP,76.09,1,1,76.09,NULL,NULL,8,0.00,-6
3e8bd881d92466e63ba9e3e809cd3c50,"rio de janeiro",RJ,1862.38,8,9,232.80,NULL,NULL,14.44,33.33,-7.56
3ea00e1dea2b0659dbaf654735929220,curitiba,PR,505.00,7,7,72.14,NULL,NULL,10.71,0.00,-20.29
3ea08c48e851106d2f584349daba335f,barbacena,MG,170.00,1,1,170.00,NULL,NULL,6,0.00,-16
3ef37b7ca6dd2b80bd8af81a62504996,"sao paulo",SP,700.00,2,2,350.00,NULL,NULL,14,0.00,-8
3f0e48d209018b466fcd3bb4ccfeb520,curitiba,PR,5399.00,9,10,599.89,NULL,NULL,9.3,0.00,-17
3f2af2670e104d1bcb54022274daeac5,"terra boa",PR,973.60,6,7,162.27,NULL,NULL,18.57,14.29,-19.57
3f3486b61f45078d4f31ee5e43d8c5bb,"sao paulo",SP,3769.73,39,39,96.66,NULL,NULL,13.46,10.26,-10.33
3f8034bfc6b8b4135534975d49f04c63,curitiba,PR,1273.90,11,14,115.81,NULL,NULL,10.14,0.00,-17.79
3f84fefc07dc159b268d4a77d3e8c425,"fazenda rio grande",PR,200.60,3,3,66.87,NULL,NULL,7.67,0.00,-20.67
3f995f07c49d0d55a99d5c54957f7d81,"itapecerica da serra",SP,3955.70,43,43,91.99,NULL,NULL,9.12,2.33,-12.12
3f9be91358837bff69df67edfa3e42e8,londrina,PR,569.70,7,7,81.39,NULL,NULL,9.43,0.00,-19.14
3f9c56764fabca627406093dcb3ef0b4,"rio de janeiro",RJ,909.30,7,7,129.90,NULL,NULL,8,0.00,-11.14
3fac58ce0ad699020c7944d53c41329c,"sao paulo",SP,1244.95,10,16,124.50,NULL,NULL,3.5,0.00,-6.94
3fadb4cba4c35bce6a7eaf9872d5623a,"caxias do sul",RS,209.50,3,5,69.83,NULL,NULL,8.4,0.00,-22
3faf68a3b0af94b10bac70d86077be49,holambra,SP,1322.93,7,7,188.99,NULL,NULL,15.57,0.00,-30.43
3fd1e727ba94cfe122d165e176ce7967,araraquara,SP,2747.40,35,36,78.50,NULL,NULL,15.17,19.44,-8.81
3fe7120d6257285ac6a3ce7cb071ccec,"governador valadares",MG,199.98,2,2,99.99,NULL,NULL,9,0.00,-16
3fefda3299e6dfaea3466ef346a3571a,curitiba,PR,209.00,1,1,209.00,NULL,NULL,6,0.00,-18
4003520d80d0bad1d5623f7aa3c63cda,"rio de janeiro",RJ,70.00,1,1,70.00,NULL,NULL,17,0.00,-5
402916f742e5c740cc751493d9cf5053,guanhaes,MG,1252.00,9,10,139.11,NULL,NULL,5.9,0.00,-19.1
403aa86912527d730337ffcb0fb096ab,"belo horizonte",MG,8959.89,11,11,814.54,NULL,NULL,10.64,0.00,-12
4049512728d969bec69f84088b012416,"belo horizonte",MG,389.84,7,9,55.69,NULL,NULL,10.56,0.00,-17.78
404e1ba01358af4cd63f679b2c4d1fa1,"juiz de fora",MG,373.90,8,12,46.74,NULL,NULL,7.17,0.00,-19.67
406740ee611378a662d274c7d8c43c4a,vitoria,ES,1790.00,8,10,223.75,NULL,NULL,15.7,20.00,-6.5
406822777a0b9eb5c50e442dd4cd3ec5,tatui,SP,3548.09,44,46,80.64,NULL,NULL,13.13,10.87,-10.61
4091f77d8c768fc3e81c20761471761d,"sao paulo",SP,1079.00,8,8,134.88,NULL,NULL,17.5,25.00,-5.38
40d54b51e962dbe09cabbcfd33298dee,"santo andre",SP,6785.56,30,31,226.19,NULL,NULL,6.71,0.00,-12.48
40db9e9aa57f7bb151bcda6b0f9bdbb7,recife,PE,23168.00,12,12,1930.67,NULL,NULL,14.42,8.33,-15.5
40ec8ab6cdafbcc4f544da38c67da39a,"francisco beltrao",PR,117.80,2,2,58.90,NULL,NULL,6,0.00,-13.5
411f3b52d857390502ee4e4d5ceabc2d,"ribeirao pires",SP,1804.01,21,30,85.91,NULL,NULL,8.2,6.67,-7.03
4125d9385a25e82d2f72d3a0fd55bc3f,santos,SP,42.90,1,1,42.90,NULL,NULL,8,0.00,-4
412a4720f3e9431b4afa1476a1acddbe,campinas,SP,2058.10,21,22,98.00,NULL,NULL,10.09,4.55,-9.86
4170f6a9367e6b5d6401d03ce6d54569,"brasilia df",DF,568.78,4,5,142.20,NULL,NULL,21.6,20.00,-2.4
417a1e6c7321084d2a0ae0d023cfad93,imigrante,RS,48.90,1,1,48.90,NULL,NULL,6,0.00,-17
41958cbd3335433c8740300e8cd600d5,"sao paulo",SP,32.99,1,1,32.99,NULL,NULL,4,0.00,-11
41ab63a91b8b264e8c8780368bf1dd5b,"belo horizonte",MG,2571.95,12,13,214.33,1.00,100.00,17.31,0.00,-22.31
41b14765bd56c8ad10971074380f9c0c,"santo andre",SP,395.50,8,10,49.44,NULL,NULL,6.6,0.00,-15.1
41b39e28db005d9731d9d485a83b4c38,"santo andre",SP,16306.75,187,223,87.20,3.00,0.00,12,4.48,-18.41
41b86b552e54e3a7009596125aa8b167,"sao paulo",SP,1595.30,10,11,159.53,NULL,NULL,15.09,0.00,-18
41c2bad7229b0c25e6becf179ebf63ff,natal,RN,782.00,20,23,39.10,NULL,NULL,4.3,0.00,-16.04
41c9d3997dd3c072c31139dc5bb5761f,araxa,MG,998.80,3,3,332.93,NULL,NULL,21.67,0.00,-10.33
41da412d33e8da4f22baf55cb1bde82c,"domingos martins",ES,862.90,15,21,57.53,NULL,NULL,8.81,0.00,-19.19
41e0fa5761c886a630994a55c12087e7,guaruja,SP,423.60,5,5,84.72,NULL,NULL,9.6,0.00,-19.6
4200ddf1967c5e41e48db62bc6d4b5ac,"sao bernardo do campo",SP,734.80,22,42,33.40,NULL,NULL,8.57,2.38,-11.43
4221a7df464f1fe2955934e30ff3a5a1,bahia,BA,849.50,5,5,169.90,NULL,NULL,16.2,0.00,-16.6
422be4cc81a457fdb46f47edeb968ae5,ibitinga,SP,239.90,1,1,239.90,NULL,NULL,18,0.00,-21
427165bf50f8ca07efc7bdc2bfcf1688,americana,SP,1603.50,5,5,320.70,NULL,NULL,38.2,60.00,17.8
42b6488f5b8246d9141712abd4b1b693,maringa,PR,247.99,2,2,124.00,NULL,NULL,7.5,0.00,-13
42b729f859728f5079499127a9c2ef37,"sao paulo",SP,4096.96,103,131,39.78,NULL,NULL,7.46,9.92,-7.27
42bde9fef835393bb8a8849cb6b7f245,brasilia,DF,7574.00,34,39,222.76,NULL,NULL,9.41,2.56,-14.31
42d4b7e70819438f5ada61c965e92d7e,goiania,GO,49.60,1,3,49.60,NULL,NULL,21,0.00,-2
42ef3192a9ff87a22d1867b74b3ee205,"santo andre",SP,1354.09,23,23,58.87,NULL,NULL,8.91,0.00,-11.04
42fa4ee7240e9b8eb4576358ec142ba7,"caxias do sul",RS,3845.70,22,22,174.80,NULL,NULL,6.45,0.00,-15.68
42fb44130ac3134cde8e35cf8ec7df25,pinhalzinho,SP,43.80,2,2,21.90,NULL,NULL,5.5,0.00,-14
430315b7bb4b6e4b3c978f9dfa9b0558,"sao paulo",SP,2864.40,19,20,150.76,NULL,NULL,14,5.00,-13.75
4305fe92735c8a43d154ff6dd2b8d927,"coronel fabriciano",MG,2606.10,17,19,153.30,NULL,NULL,10.95,0.00,-10.42
431050a06a317f2b38168dec3dcd2b46,"sao paulo",SP,1370.00,10,10,137.00,NULL,NULL,8.5,0.00,-14.1
431af27f296bc6519d890aa5a05fdb11,"ribeirao preto",SP,12974.60,116,124,111.85,NULL,NULL,16.48,13.71,-7.54
4324dd16853115efb0fd9d0d131ba6f4,"sao jose do rio pardo",SP,1052.25,12,18,87.69,NULL,NULL,12.5,5.56,-13.94
432c37c9dfba871172ec162e20118b8c,brasilia,DF,2679.87,44,55,60.91,NULL,NULL,15.15,14.55,-11.33
432c67955c0acd1fd6b0b5d678766a71,"sao paulo",SP,389.00,1,1,389.00,NULL,NULL,6,0.00,-48
43402bdf22aa2310e8f99e2f94f78628,"ribeirao pires",SP,649.95,4,5,162.49,NULL,NULL,15.6,0.00,-36.4
4342d4b2ba6b161468c63a7e7cfce593,"rio de janeiro",RJ,528.90,2,2,264.45,NULL,NULL,15,50.00,-6.5
436bf27f2f18474fc6047702e9f8a866,campinas,SP,29.90,1,1,29.90,NULL,NULL,19,0.00,-10
4371b634e0efc0e22b09b52907d9d469,"sao paulo",SP,8168.00,101,111,80.87,NULL,NULL,10.32,6.31,-10.8
43753b27d77860f1654aa72e251a7878,"barro alto",BA,23.90,1,1,23.90,NULL,NULL,27,0.00,-1
4391ea5c5990502176a1dcda44a2373d,"porto alegre",RS,2349.00,3,5,783.00,NULL,NULL,9.6,0.00,-17.4
439a47cc365d6e3bd526812ea9de3c29,"mogi das cruzes",SP,1186.50,8,13,148.31,NULL,NULL,8,0.00,-12.46
43a1d4bab73b816e44ef4e4facd9f9b5,maringa,PR,189.90,1,1,189.90,NULL,NULL,9,0.00,-21
43a5d4a57af536fddc96d08be3afdfcb,varginha,MG,75.00,1,1,75.00,NULL,NULL,11,0.00,-18
43b2c864251aa0ce4030c746984e088a,brasilia,DF,94.80,2,2,47.40,NULL,NULL,5.5,0.00,-9
43f8c9950d11ecd03a0304a49e010da6,carapicuiba,SP,4249.59,41,41,103.65,NULL,NULL,11,4.88,-12.29
44073f8b7e41514de3b7815dd0237f4f,brasilia,DF,18380.64,142,151,129.44,1.00,100.00,12.74,4.64,-15.81
440dd6ab244315c632130ecfb63827b1,votuporanga,SP,13089.00,91,92,143.84,NULL,NULL,16.23,13.04,-11.38
443d880f15cbd3572885e1d44bf2c478,marilia,SP,94.80,1,2,94.80,NULL,NULL,12,0.00,-14
4450bd8327d471c4a11a83d1445b1b62,cotia,SP,199.00,1,1,199.00,NULL,NULL,7,0.00,-21
446cc09cdbb130904da114e807dbec40,"sao paulo",SP,252.80,3,3,84.27,NULL,NULL,3.67,0.00,-24.67
44717f64ec2a457979cf83c429077666,"santa rosa",RS,107.00,2,3,53.50,NULL,NULL,5,0.00,-20
447d377bdb757058acb569025ee18a93,carazinho,RS,64.99,1,1,64.99,NULL,NULL,18,0.00,-14
44ed138eca6214d572ce1d813fb0049b,canoas,RS,129.79,2,3,64.90,5.00,0.00,8,0.00,-7.33
44f091b5abab8018f682fce8124b85e5,"sao paulo",SP,354.40,3,3,118.13,NULL,NULL,14.67,66.67,-0.33
45213867cefbf2cd4c6177e10216a951,araras,SP,4955.42,14,14,353.96,NULL,NULL,14.29,7.14,-13.29
4559697a8f7e637227c2eeaed843baff,"presidente prudente",SP,3486.30,39,39,89.39,NULL,NULL,12.46,7.69,-12.46
455befea1bb853c75ccbca94cff26e5c,resende,RJ,19.99,1,1,19.99,NULL,NULL,12,0.00,-38
455c5640e8c5bd1b2ee85c0158f85727,"luiz alves",SC,6729.50,8,8,841.19,NULL,NULL,14.62,0.00,-22.88
455f46ef09a9e45667e2981df84b5cc2,sorocaba,SP,29.90,1,1,29.90,NULL,NULL,13,0.00,-2
457fe919b032a3f7dadba6fb92cf7855,paulinia,SP,1104.89,9,12,122.77,NULL,NULL,5.33,0.00,-6.92
458c6fa920810ce2492da71bc26d9eec,catanduva,SP,756.76,2,2,378.38,NULL,NULL,25,0.00,-10
458d868c9642f55f18f04e951a3fdde6,"porto alegre",RS,2718.00,2,2,1359.00,NULL,NULL,17,0.00,-19
45a3d05fb00435e52a28859dd03703b3,guarulhos,SP,1299.00,1,1,1299.00,NULL,NULL,25,0.00,-5
45ba18c210d42734ec52c0c1c574e9ee,"sao roque",SP,5099.44,35,38,145.70,NULL,NULL,6.68,5.26,-12.5
45c20d94d9171b0bcfab3c955e47d67b,cordeiropolis,SP,129.46,4,4,32.37,NULL,NULL,14.25,0.00,-10.5
45d33f715e24d15a6ccf5c17b3a23e3c,sorocaba,SP,4518.49,56,58,80.69,NULL,NULL,10.97,5.17,-11.98
461ff5303b6c9c1a4a07f40c5aece516,pinhais,PR,102.70,3,3,34.23,NULL,NULL,6.33,0.00,-16
466222e777149751370e7e98fb623b0c,"rio de janeiro",RJ,87.90,1,1,87.90,NULL,NULL,6,0.00,-9
4677a5437afda5fa7140b927b07be1cc,japira,PR,3415.70,11,11,310.52,NULL,NULL,12.18,9.09,-14.09
46dc3b2cc0980fb8ec44634e21d2718e,"rio de janeiro",RJ,122811.38,503,523,244.16,5.00,0.00,11.32,5.54,-12.19
46ef1a25845fc051c2998d878354810c,claudio,MG,250.41,5,5,50.08,NULL,NULL,16.4,0.00,-4.8
4736e9d642ef4257cd7622516931eb51,piracicaba,SP,1078.87,16,20,67.43,NULL,NULL,4.5,0.00,-14.15
47648caee88ccfe951fbb27fbf7b4cbe,diadema,SP,1564.99,3,3,521.66,NULL,NULL,13.33,33.33,-6
478bfe564db21eeb44386606aa30b650,"pedro leopoldo",MG,182.70,3,3,60.90,NULL,NULL,13.33,0.00,-13.67
47efca563408aae19bb7206c2d969ea9,teresina,PI,2383.00,11,11,216.64,NULL,NULL,13.27,0.00,-15
47f55702f598c7c6cc8458b0fbc1c49a,"dores de campos",MG,75.00,1,1,75.00,NULL,NULL,17,0.00,-11
48162d548f5b1b11b9d29d1e01f75a61,piracicaba,SP,20109.39,66,89,304.69,NULL,NULL,10.76,1.12,-12.85
4830e40640734fc1c52cd21127c341d4,"sao paulo",SP,9490.50,204,212,46.52,5.00,0.00,9.52,4.72,-11.2
48328ec9a579151d9cc6a86d4a59336c,canoas,RS,1099.00,1,1,1099.00,NULL,NULL,21,0.00,-7
483ca627d131e18f988349b1655c0acd,"mogi mirim",SP,264.00,1,1,264.00,NULL,NULL,15,0.00,-5
48436dade18ac8b2bce089ec2a041202,"volta redonda",SP,11821.11,134,147,88.22,NULL,NULL,13.72,6.80,-10.11
485452467ff670447e84a8370c3fc898,taio,SC,175.70,3,3,58.57,NULL,NULL,13.67,0.00,-15.33
4867209cb29b56b92893d7bde3ce8012,jau,SP,150.00,1,1,150.00,NULL,NULL,10,0.00,-17
4869f7a5dfa277a7dca6462dcf3b52b2,guariba,SP,226987.93,1124,1148,201.95,3.40,40.00,14.55,10.54,-11.16
48985c61529077fa4f1e38bcff0f2ed3,"porto alegre",RS,879.30,7,7,125.61,NULL,NULL,10,0.00,-21.43
48b6c3f4c6a93171da04b75313f2130f,"osvaldo cruz",SP,290.26,2,2,145.13,NULL,NULL,24,0.00,-9
48bad451945f5227341793478d6353ea,"sao paulo",SP,307.00,3,3,102.33,NULL,NULL,21.67,33.33,-14.67
48e5ee06fb2dc74df1c711a9b6dfac2a,oliveira,MG,57.00,1,3,57.00,NULL,NULL,11,0.00,-20
48e954b2da4f6a750c844173b347ed40,"porto alegre",RS,397.80,2,6,198.90,NULL,NULL,8,0.00,-28.67
48efc9d94a9834137efd9ea76b065a38,curitiba,PR,345.60,33,34,10.47,NULL,NULL,10.59,0.00,-24.35
48fb026ed7455a42f5d3e9390ed5088e,"barra mansa",RJ,489.73,9,9,54.41,NULL,NULL,11.22,0.00,-15.11
49067458c68f7701fd334ce326accbe0,"juiz de fora",MG,1047.65,17,37,61.63,NULL,NULL,11.65,0.00,-13.97
4917cee8d902e13428c3ec4b1ca6f315,blumenau,SC,5103.90,31,31,164.64,NULL,NULL,17.61,3.23,-9.94
491a5ada3aa1678414e990262c4bbdc1,"sao paulo",SP,1420.00,1,1,1420.00,NULL,NULL,6,0.00,-12
49383af7ab774e4e8f3000f49c83dc4b,taubate,SP,660.00,8,12,82.50,NULL,NULL,7.33,0.00,-13.17
4965a7002cca77301c82d3f91b82e1a9,sorocaba,SP,8.49,1,1,8.49,NULL,NULL,6,0.00,-13
497709c2976a8fa308730a2dec5b0726,diadema,SP,76.00,1,2,76.00,NULL,NULL,5,0.00,-2
4978a02ea9c8be7a9b5480680f40334e,"sao paulo",SP,2356.61,18,19,130.92,NULL,NULL,4.95,0.00,-9.95
499185655c29ecfdbfe776ef7cf875b5,"porto alegre",RS,89.00,1,1,89.00,NULL,NULL,11,0.00,-34
4992e76a42cb3aad7a7047e0d3d7e729,"sao paulo",SP,2171.20,56,73,38.77,NULL,NULL,7.85,5.48,-10.58
499ec63c58e51296c9cf57edcfe1c8a8,"sao paulo",SP,365.00,5,5,73.00,NULL,NULL,4.8,0.00,-12.6
49cdc90518a4f82676b38b3c1aa43ff6,"sao paulo",SP,1539.50,5,5,307.90,NULL,NULL,5.4,0.00,-11
49e7217cfe4e427191c378ec626d8737,formiga,MG,2868.80,12,13,239.07,NULL,NULL,15.77,0.00,-11
49f8d2ea7b718d0ce587d34207caf2b4,"sao bernardo do campo",SP,149.90,1,1,149.90,NULL,NULL,6,0.00,-1
4a1917ef994878940e1fb03eeb787ad7,brasilia,DF,768.00,2,3,384.00,NULL,NULL,9.67,0.00,-11.33
4a1f694197d05fe70026b016a7316b41,pedreira,SP,907.77,14,23,64.84,NULL,NULL,10.48,4.35,-14.74
4a23adac87cf538689fa600d976f78b2,"sao paulo",SP,405.00,3,3,135.00,NULL,NULL,8,0.00,-8.67
4a3ca9315b744ce9f8e9374361493884,ibitinga,SP,196882.12,1772,1949,111.11,5.00,0.00,13.94,9.70,-9.64
4a3ccda38b2129705f3fb522db62ca31,marilia,SP,16169.09,64,73,252.64,NULL,NULL,12.84,6.85,-11.08
4a5b36211b1f51bf7eaa5c10a57fa483,"sao goncalo",RJ,139.19,1,1,139.19,NULL,NULL,4,0.00,-8
4a82168aaef173cbb6e46ae88728f919,irati,PR,512.00,4,4,128.00,NULL,NULL,6.25,0.00,-13.75
4a82c4af97ffc0fb2dc26bfdc03b1842,"lagoa da prata",MG,143.70,3,3,47.90,NULL,NULL,12.33,0.00,-15
4aba391bc3b88717ce08eb11e44937b2,"arraial d'ajuda (porto seguro)",BA,7286.88,27,28,269.88,NULL,NULL,16.46,14.29,-13.25
4aba6a02a788d3ec81c03137144d9a80,canoinhas,SC,89.90,1,1,89.90,NULL,NULL,13,0.00,-11
4b0fdb526525f9890eb145bf1534640e,ibitinga,SP,2419.00,18,20,134.39,NULL,NULL,8.3,0.00,-9.3
4b1eaadf791bdbbad8c4a35b65236d52,"ribeirao preto",SP,960.09,5,5,192.02,NULL,NULL,21.8,20.00,-15.8
4b39558c138930b9e5489c93b6df5fe3,aracaju,SE,1096.70,4,5,274.18,NULL,NULL,12.4,0.00,-14
4b5f66b7adcf57f1ecc0d3c07dd6b177,vendas@creditparts.com.br,PR,6381.78,23,38,277.47,NULL,NULL,13.16,2.63,-14.37
4b90495391ac0bd181a80a459df1e718,bage,RS,248.00,1,1,248.00,NULL,NULL,11,0.00,-39
4b9750c8ad28220fe6702d4ecb7c898f,limeira,SP,15815.40,217,221,72.88,5.00,0.00,8.95,5.88,-9.38
4b98b0428fc1932cc2514ef9ce2505e6,"taboao da serra",SP,327.63,2,2,163.82,NULL,NULL,22.5,50.00,-4.5
4ba52dfeba874da5b9ee7b17c7494f04,"mogi das cruzes",SP,1463.00,11,11,133.00,NULL,NULL,10,9.09,-11.73
4bcec44888b30ba9001234c534716d3f,"santo andre",SP,146.00,5,5,29.20,NULL,NULL,8.8,0.00,-9.4
4bde6149c15cf7e177b36fa060dd6de8,carazinho,RS,159.80,2,2,79.90,NULL,NULL,10.5,0.00,-47.5
4be6b962d83299498bae2190f95d6566,"sao carlos",SP,508.80,11,12,46.25,NULL,NULL,6.83,8.33,-12
4be9ae93c4fc0f41713d71a4194ee1b3,divinopolis,MG,109.90,1,1,109.90,NULL,NULL,11,0.00,-7
4bf2f4ee540798a61f9636d12cd9cc80,assis,SP,4995.56,29,30,172.26,NULL,NULL,13.13,0.00,-12.4
4bf658053d453036c70976bccb2c31b2,"sao jose do rio preto",SP,1742.99,2,2,871.50,NULL,NULL,24,0.00,-8.5
4bfc7a4a1cf8d4d2121c27422d9e50b5,"sao paulo",SP,8124.40,26,40,312.48,NULL,NULL,7.52,2.50,-10.52
4c03b9dd4c11ee2cb35c96c49efc9420,"campo limpo paulista",SP,6458.60,48,48,134.55,NULL,NULL,10.02,2.08,-14.15
4c18691b6037662be2df78a765d98ab5,"sao paulo",SP,3195.52,63,67,50.72,NULL,NULL,8.76,5.97,-11.49
4c1c7281388a33dd06daac44f9fadbd1,marilia,SP,188.32,5,5,37.66,NULL,NULL,8.4,0.00,-16.4
4c2b230173bb36f9b240f2b8ac11786e,"sao paulo",SP,14474.57,258,343,56.10,2.00,100.00,12.38,8.45,-8.64
4c498c7345e89aebad651544829beca0,carapicuiba,SP,4570.27,47,47,97.24,NULL,NULL,10.32,10.64,-9.19
4c4d546adf3c3868fe19c9ec6e9ffda9,maringa,PR,111.70,2,3,55.85,NULL,NULL,6.33,0.00,-16.67
4c60877808f4318ef1107fbeb8f89afa,atibaia,SP,118.00,2,2,59.00,NULL,NULL,14.5,0.00,-9
4c61e37f664c3c88aff092aa5ac779d7,niteroi,RJ,788.31,7,8,112.62,NULL,NULL,16.38,25.00,-2.88
4c8545742faaf58fafd5fd14d25d75cf,fernandopolis,SP,3020.00,4,4,755.00,NULL,NULL,9.5,0.00,-14.25
4c8b8048e33af2bf94f2eb547746a916,ibitinga,SP,1882.45,19,23,99.08,5.00,0.00,18.61,13.04,-4.04
4cc43a222a0f94910728b62b97a8c5f8,"ribeirao preto",SP,108.50,1,1,108.50,NULL,NULL,14,0.00,-12
4cc4fd4fdd406a85bbdc1f824b731bd7,toledo,PR,539.98,1,2,539.98,NULL,NULL,8,0.00,-14
4ce8b55b4bfa4659184e7becc1fba3f2,"fazenda rio grande",PR,199.00,2,2,99.50,NULL,NULL,12,0.00,-12
4cf490a58259286ada5ba8525ba9e84a,tabatinga,SP,1075.30,7,7,153.61,NULL,NULL,24.29,0.00,-17.86
4d0041cdbe51b4617d95c70b19decc74,"juiz de fora",MG,5235.20,8,8,654.40,NULL,NULL,6.75,0.00,-10.5
4d232b78ab7ef10393dc3807d827bc0d,"belo horizonte",MG,1475.00,5,5,295.00,NULL,NULL,5.8,0.00,-12.6
4d600e08ecbe08258c79e536c5a42fee,"entre rios do oeste",PR,3816.17,7,7,545.17,NULL,NULL,12.43,0.00,-27.86
4d6d651bd7684af3fffabd5f08d12e5a,jau,SP,42999.00,363,389,118.45,5.00,0.00,12.61,3.86,-13.03
4d9fea3499bdc22aa4da4e339365f215,"sao paulo",SP,192.54,2,2,96.27,NULL,NULL,12.5,0.00,-19.5
4da0e408c99d2fdc2126dc9fce518060,"cornelio procopio",PR,3026.00,44,54,68.77,NULL,NULL,8.67,0.00,-21.94
4dab98ca6cd6d3df586203cefd28a042,"porto alegre",RS,154.90,1,1,154.90,NULL,NULL,28,0.00,-1
4dbd95a08b31ede5c82d3f861cb1ce1a,curitiba,PR,370.78,4,4,92.70,NULL,NULL,12,0.00,-16.75
4dc2e811a1760953cb7c6a590b498943,itapui,SP,175.00,1,1,175.00,NULL,NULL,6,0.00,-9
4dc646b9b9e8e411ef48ba000ea3ac6f,valinhos,SP,289.70,4,5,72.43,NULL,NULL,10.4,20.00,-7.8
4ddeb3e828550cddc8d45c8bc36ab2d1,"sao paulo",SP,152.00,1,1,152.00,NULL,NULL,7,0.00,-11
4de6e4ba574aa9dfdc824bc44dc47fdd,colombo,PR,451.10,14,14,32.22,NULL,NULL,8.86,7.14,-18.36
4deebb3199eeafb282ae33229144f94b,"sao paulo",SP,779.70,4,5,194.93,NULL,NULL,11.6,40.00,-1.4
4e06067cc08b3f41d837768d392c3ee3,betim,MG,941.72,31,46,30.38,NULL,NULL,9.35,4.35,-14.39
4e0d109ccfba9a1151c103049880c857,"sao joao de meriti",RJ,279.89,2,2,139.95,NULL,NULL,18.5,0.00,-15.5
4e17c65a516f69d023a2ae78b84f28d6,suzano,SP,7639.26,61,74,125.23,NULL,NULL,14.39,9.46,-20.8
4e2627090e6e5b9fabba883a37897683,"belo horizonte",MG,39.90,1,1,39.90,NULL,NULL,3,0.00,-14
4e326052e5dbba8adcd512f3450a307e,"sao paulo",SP,570.00,3,6,190.00,NULL,NULL,19.5,0.00,-12
4e42581f08e8cfc7c090f930bac4552a,portoferreira,SP,98.00,1,2,98.00,NULL,NULL,47,100.00,12
4e480be820e37de1444325ff358c9296,"tres coracoes",MG,430.30,1,2,430.30,NULL,NULL,12,0.00,-10
4e5725ba188db8252977a4f0227bd462,"ribeirao preto",SP,1865.09,21,24,88.81,NULL,NULL,20.25,20.83,-2.75
4e6015589b781adaa5ce7f1892d06bb1,guaruja,SP,684.00,3,3,228.00,NULL,NULL,5.33,0.00,-12.67
4e7c18b98d84e05cbae3ff0ff03846c2,jaboticabal,SP,9038.90,81,88,111.59,NULL,NULL,11.58,3.41,-13.17
4e85b538b0dad58852641540686d0e14,"sao jose dos campos",SP,361.98,4,4,90.50,NULL,NULL,16.75,50.00,-6
4e8dacf3d38f281ae26c3e0321d92d88,"sao paulo",SP,2055.46,8,9,256.93,NULL,NULL,13,22.22,-12.56
4e922959ae960d389249c378d1c939f5,jacarei,SP,45338.42,412,446,110.04,NULL,NULL,14.15,8.97,-13.03
4e92348462c75b6c842b994ce84a0ed4,cachoeirinha,RS,69.90,1,1,69.90,NULL,NULL,9,0.00,-19
4ea2f12dbe91deeacd2c1e74f069a6e6,"sao paulo",SP,210.20,4,6,52.55,NULL,NULL,7.67,0.00,-11.33
4eb61f060e7dcc1d5a80d806c35cc541,"sao paulo",SP,1313.00,8,8,164.13,NULL,NULL,5.75,0.00,-13
4ebdc7e6cd6102a022dadc49156d4ea8,"sao paulo",SP,928.70,29,32,32.02,NULL,NULL,9.72,3.13,-10.72
4eeb99008a0f59d2c7759c59f9a346eb,"embu das artes",SP,1282.00,2,2,641.00,NULL,NULL,7,0.00,-12.5
4ef4c39cf3c24f326434cf0b2e48046a,"sao paulo",SP,792.00,7,8,113.14,NULL,NULL,13.5,12.50,-5.12
4f0d637c1197fd65405ebd755ac9f86b,"taboao da serra",SP,199.80,2,2,99.90,NULL,NULL,6.5,0.00,-17
4f1f1c8666cdb6442f775c4e8caed465,"belo horizonte",MG,944.98,2,2,472.49,NULL,NULL,19.5,0.00,-14
4fae87d32467e18eb46e4a76a0a0b9ce,"ronda alta",RS,100.90,1,1,100.90,NULL,NULL,6,0.00,-12
4fb41dff7c50136976d1a5cf004a42e2,"feira de santana",BA,1230.00,3,3,410.00,NULL,NULL,66.33,33.33,33
4fe2f67634d00c021aa01f96b6f2d68e,maringa,PR,86.80,2,2,43.40,NULL,NULL,10.5,0.00,-21
5011f0d93373a4c5753adf58ca77af8d,santos,SP,859.52,11,21,78.14,3.00,0.00,14.67,19.05,-4.19
503c1de08ae81a2d86f17951b204db55,"sao paulo",SP,4906.99,22,22,223.05,NULL,NULL,13.05,4.55,-11.91
5058e8c1e82653974541e83690655b4a,itaquaquecetuba,SP,9812.83,62,77,158.27,NULL,NULL,25.94,10.39,-16.36
5075aaa8404020ae6aa8bf4792099b41,"pocos de caldas",MG,1572.88,10,15,157.29,NULL,NULL,11.87,0.00,-10.33
50770d25768b0486d89be26afca3108f,"santo andre",SP,171.77,6,6,28.63,NULL,NULL,13.17,16.67,-6.83
508808d438fe2ff972ed13bb8f4a82e2,"sao paulo",SP,234.84,9,10,26.09,NULL,NULL,4,0.00,-8.8
50a7e551a7b3f8d37cd6e32d8bfbe5ea,"sao caetano do sul",SP,140.00,1,1,140.00,NULL,NULL,12,0.00,-4
50bf89f1349bc0409a268c3a49678009,jaci,SP,179.90,1,1,179.90,NULL,NULL,9,0.00,-26
50c9975695009e5e6473912e83a6d1da,claudio,MG,3964.40,50,68,79.29,NULL,NULL,14.65,10.29,-8.74
51209b446b2073894bdc0face6c73ffc,"vila velha",ES,359.60,2,4,179.80,NULL,NULL,9.5,0.00,-17
512d298ac2a96d1931b6bd30aa21f61d,"rio de janeiro",RJ,7401.94,11,12,672.90,NULL,NULL,9.58,0.00,-14.67
513a54369b6a8a6602fcb0e129c6d78d,"sao bernardo do campo",SP,47.80,2,2,23.90,NULL,NULL,3,0.00,-5.5
5145090ab595c0d0b8557199f5701fbf,curitiba,PR,1459.60,4,4,364.90,NULL,NULL,15.25,0.00,-25.5
5151aea44289d6c6b090ee31c2132508,marilia,SP,1315.30,7,7,187.90,NULL,NULL,17,0.00,-27.14
515d781150feed28a6ac091bb0e3cb8c,"campo grande",MS,1002.35,6,6,167.06,NULL,NULL,9.33,0.00,-24.17
5160d23075764e18e07c1f4a87fad743,"sao bernardo do campo",SP,2359.00,33,38,71.48,5.00,0.00,8.92,0.00,-9.45
516e7738bd8f735ac19a010ee5450d8d,"rio de janeiro",RJ,6463.19,74,82,87.34,NULL,NULL,8.32,2.44,-18.6
51702dc2a3e106c76dbff722b5bf0726,conchal,SP,2705.10,13,14,208.08,NULL,NULL,14.43,0.00,-14.21
5194c22ed1f616ec0c0f33c571542879,"santa rita do sapucai",MG,245.60,4,4,61.40,NULL,NULL,12,0.00,-11.25
519a7aa428f18d125a283cf8c014fdd6,"rio do oeste",SC,79.70,3,3,26.57,NULL,NULL,7,0.00,-15.67
51a04a8a6bdcb23deccc82b0b80742cf,"braganca paulista",SP,167.99,1,1,167.99,NULL,NULL,35,100.00,7
51e0557bc7b86de13e946c60ee91ce39,"belo horizonte",MG,45.80,1,1,45.80,NULL,NULL,10,0.00,-9
51e4e89242cbb846c2deff3dc015650e,"rio grande",RS,822.58,16,16,51.41,NULL,NULL,8.75,0.00,-16
51ed72984a04e5dd35c2b27e77179038,"sao jose do rio preto",SP,1294.30,7,7,184.90,NULL,NULL,16,14.29,-9.71
51f108f62cb87d61918159902c8f8583,cascavel,PR,303.73,3,3,101.24,NULL,NULL,5.67,0.00,-17.67
52092ddbd3a58c450a4459bf051b2287,"dois corregos",SP,351.70,6,6,58.62,NULL,NULL,12.5,0.00,-11.83
520b493b57809f446cb0a233bb3e25c7,santos,SP,3698.90,63,73,58.71,NULL,NULL,6.85,1.37,-12.04
522620dcb18a6b31cd7bdf73665113a9,cascavel,PR,56690.49,172,178,329.60,NULL,NULL,14.73,8.43,-14.02
5236605f4d4b0b3e4df85b850393fca0,"sao paulo",SP,265.30,5,5,53.06,NULL,NULL,10.2,20.00,-6
52454f90d4c30c016768db02f88c1a74,campinas,SP,80.50,3,5,26.83,NULL,NULL,12.4,0.00,-7.4
52562a9f449c3dc3d53f5f5b9ed74903,parnamirim,RN,3266.60,14,14,233.33,NULL,NULL,12.93,0.00,-18.43
525e75a6fb1454a2325ab1734bcec221,barueri,SP,607.17,9,10,67.46,NULL,NULL,6,0.00,-13.7
5275ca25d0358ca73864e0ae41be1320,guarulhos,SP,409.60,4,4,102.40,NULL,NULL,6.5,0.00,-3.25
527801b552d0077ffd170872eb49683b,garca,SP,17942.80,90,92,199.36,5.00,0.00,12.52,9.78,-11.41
52831e5990d0771cb4951d6f12928167,tupa,SP,65.00,1,1,65.00,NULL,NULL,5,0.00,-10
528bcf6680c36dddf07620bd35b33a6f,"sao paulo",SP,969.98,2,2,484.99,NULL,NULL,20.5,50.00,-4.5
528ce32f560edd11add4169f6a5b65be,"sao roque",SP,59.80,2,2,29.90,NULL,NULL,10,0.00,-11.5
52956b80ae65fda598f06f6b9943e7a9,maringa,PR,792.00,3,3,264.00,NULL,NULL,24.67,33.33,-7.33
52a50b42accf164f9f019941e5759d9b,"monte alegre do sul",SP,139.96,4,4,34.99,NULL,NULL,5,0.00,-3.5
52a52b9f656520e99716f5bc40f661c8,"sao carlos",SP,783.10,7,8,111.87,NULL,NULL,10,0.00,-12
52ac6f920b7280e4c6d30dd94de6259b,pinhais,PR,5657.30,6,7,942.88,NULL,NULL,11.57,0.00,-11.86
52b53f7061969fe471d119b6195da864,itajai,SP,90.00,1,1,90.00,NULL,NULL,3,0.00,-8
52bb00821bcdd358a5a5a27e1f6be5a1,osasco,SP,349.80,2,2,174.90,NULL,NULL,15.5,0.00,-9
52d76513f0c4d97f3b99570e2c94ee31,"novo hamburgo",RS,8153.10,19,28,429.11,NULL,NULL,11.36,3.57,-19.32
52f0fe436a347ddad7ed5f9aa4e27eaa,"sao paulo",SP,1452.49,19,21,76.45,NULL,NULL,13.43,9.52,-7.43
52f6f9f13ba19504c02781132a049e75,curitiba,PR,199.00,1,1,199.00,NULL,NULL,16,0.00,-14
52f976b17ea7f2f087f56dcc419328f6,california,PR,7630.00,6,6,1271.67,NULL,NULL,9.83,0.00,-16.67
52f9db5cfb423382a2fa5c9e39303202,echapora,SP,1218.78,21,22,58.04,NULL,NULL,9.68,0.00,-14.68
5305693ffae2d3463377b1f6fe67b15a,penapolis,SP,93.56,1,1,93.56,NULL,NULL,13,0.00,-9
53088c75f948b48a7ece173ac17f0c12,triunfo,RS,261.70,3,3,87.23,NULL,NULL,10.67,0.00,-13.67
530ec6109d11eaaf87999465c6afee01,cascavel,PR,12682.11,94,101,134.92,NULL,NULL,10.31,0.99,-17.2
53243585a1d6dc2643021fd1853d8905,"lauro de freitas",BA,217940.44,348,400,626.27,4.00,0.00,12.94,3.00,-11.6
53336f97ddbe53e2a617d07b17447b95,"sao paulo",SP,599.50,1,1,599.50,NULL,NULL,19,0.00,-11
533d46c1b06970e99f09523a61df4972,itapetininga,SP,159.98,2,2,79.99,NULL,NULL,16,0.00,-10
5343d0649eca2a983820bfe93fc4d17e,"santo andre",SP,9819.02,70,110,140.27,NULL,NULL,10.81,9.09,-12.6
534a01cc6df1e034e05c32028a291fa2,jundiai,SP,235.59,5,5,47.12,NULL,NULL,10.2,0.00,-8
535bf14f36346c7f59d87cece104d70c,"rio de janeiro",RJ,50.00,1,1,50.00,NULL,NULL,4,0.00,0
537eb890efff034a88679788b647c564,"rio de janeiro",RJ,4617.90,158,171,29.23,NULL,NULL,8.67,3.51,-12.45
538caafddff204241cecbf3a02e6b3cf,"sao paulo",SP,128.40,8,8,16.05,NULL,NULL,16.75,37.50,-0.88
539ed9e19811677513447759be5eccfc,"belo horizonte",MG,32.83,2,2,16.42,NULL,NULL,4.5,0.00,-16
53b0300ca793f9834cd69c0678d35ee8,indaiatuba,SP,1662.15,5,10,332.43,NULL,NULL,5.6,0.00,-14.5
53d00c40e32aeb924a84ce72b1af869d,ibitinga,SP,2165.85,17,17,127.40,NULL,NULL,15.71,11.76,-7.47
53e4c6e0f4312d4d2107a8c9cddf45cd,pedreira,SP,29587.77,463,512,63.90,3.60,40.00,11.57,4.69,-13.43
54065e9aef7e9e9c2dc23b7594db021a,"rio de janeiro",RJ,7079.00,12,12,589.92,NULL,NULL,11.83,0.00,-22.75
5415337f1863452476d42d9f14a16a61,"belo horizonte",MG,44.90,1,1,44.90,NULL,NULL,16,0.00,-23
54219883e72aad869adfb2a54b7bfa0f,sorocaba,SP,6750.00,5,5,1350.00,NULL,NULL,16.4,0.00,-8.6
542917da124346b47ea1ac79a93ce454,curitiba,PR,1303.90,20,20,65.20,4.00,0.00,11.1,5.00,-14
544863df86ed3b78a04e0820d41430ee,serra,ES,23.90,1,1,23.90,NULL,NULL,5,0.00,-18
54583ab379489add547fe47b628db589,"sao bernardo do campo",SP,2240.00,10,10,224.00,NULL,NULL,4.6,0.00,-6.2
