seller_id,category,category_revenue,category_order,category_item_sold,avg_review_score,delay_rate_pct
0015a82c2db000af6aaaf3ae2ecb0532,small_appliances,2685.00,3,3,NULL,0.00
001cca7ae9ae17fb1caed9dfb1094831,construction_tools_construction,2925.73,23,27,NULL,7.41
001cca7ae9ae17fb1caed9dfb1094831,garden_tools,21561.30,172,207,NULL,4.83
002100f778ceb8431b7a1020ff7ab48f,furniture_decor,1216.60,50,54,NULL,16.67
003554e2dce176b5555353e4f3555ac8,unknown,120.00,1,1,NULL,0.00
004c9cd9d87a3c30c522c48c4fc07416,bed_bath_table,17698.71,145,156,5.00,5.13
004c9cd9d87a3c30c522c48c4fc07416,unknown,1871.02,12,12,NULL,16.67
00720abe85ba0859807595bbf045a33b,housewares,1007.50,13,26,NULL,7.69
00ab3eff1b5192e5f1a63bcecfee11c8,health_beauty,98.00,1,1,NULL,0.00
00d8b143d12632bad99c0ad66ad52825,fashion_bags_accessories,86.00,1,1,NULL,0.00
00ee68308b45bc5e2660cd833c3f81cc,bed_bath_table,18400.00,113,150,NULL,5.33
00ee68308b45bc5e2660cd833c3f81cc,furniture_mattress_and_upholstery,1860.00,22,22,NULL,13.64
00fc707aaaad2d31347cf883cd2dfe10,computers_accessories,12684.90,103,135,NULL,3.70
010543a62bd80aa422851e79a3bc7540,computers_accessories,1416.00,2,2,NULL,0.00
010da0602d7774602cd1b3f5fb7b709e,kitchen_dining_laundry_garden_furniture,849.50,1,5,NULL,0.00
011b0eaba87386a2ae96a7d32bb531d1,health_beauty,99.98,1,2,NULL,0.00
01266d4c46afa519678d16a8b683d325,costruction_tools_tools,90.25,3,3,NULL,0.00
013900e863eace745d3ec7614cab5b1a,baby,581.80,8,10,NULL,0.00
013900e863eace745d3ec7614cab5b1a,fashion_shoes,993.00,14,15,NULL,0.00
013900e863eace745d3ec7614cab5b1a,stationery,44.90,1,1,NULL,0.00
014c0679dd340a0e338872e7ec85666a,garden_tools,589.00,1,1,NULL,0.00
014c0679dd340a0e338872e7ec85666a,kitchen_dining_laundry_garden_furniture,5073.00,10,10,NULL,20.00
014c0679dd340a0e338872e7ec85666a,signaling_and_security,1396.00,3,4,NULL,0.00
014d9a685fd57276679edd00e07089e5,cool_stuff,209.97,3,3,NULL,0.00
014d9a685fd57276679edd00e07089e5,stationery,519.91,8,9,NULL,0.00
0176f73cc1195f367f7b32db1e5b3aa8,bed_bath_table,4643.20,37,38,NULL,10.53
01bcc9d254a0143f0ce9791b960b2a47,health_beauty,1393.21,10,10,4.00,0.00
01c97ebb5cdac52891c0ed1c37ba0012,computers_accessories,577.50,9,12,NULL,0.00
01cf7e3d21494c41fb86034f2e714fa1,air_conditioning,1441.10,18,20,NULL,0.00
01cf7e3d21494c41fb86034f2e714fa1,baby,415.26,3,3,NULL,0.00
01cf7e3d21494c41fb86034f2e714fa1,bed_bath_table,125.90,1,1,NULL,0.00
01cf7e3d21494c41fb86034f2e714fa1,cool_stuff,493.45,6,6,NULL,0.00
01cf7e3d21494c41fb86034f2e714fa1,home_appliances,629.90,1,1,NULL,0.00
01cf7e3d21494c41fb86034f2e714fa1,home_appliances_2,3179.59,12,12,NULL,8.33
01cf7e3d21494c41fb86034f2e714fa1,housewares,1662.20,14,18,4.00,5.56
01cf7e3d21494c41fb86034f2e714fa1,small_appliances,748.90,2,2,NULL,0.00
01cf7e3d21494c41fb86034f2e714fa1,unknown,743.26,2,2,NULL,50.00
01ed254b9ff8407dfb9d99ba1e17d923,watches_gifts,1465.99,5,5,NULL,0.00
01fd077212124329bac32490e8ef80d9,baby,26.00,2,2,NULL,0.00
01fd077212124329bac32490e8ef80d9,construction_tools_construction,102.00,1,6,NULL,0.00
01fd077212124329bac32490e8ef80d9,garden_tools,137.00,5,5,NULL,20.00
01fd077212124329bac32490e8ef80d9,health_beauty,521.00,13,14,NULL,0.00
01fd077212124329bac32490e8ef80d9,home_construction,12.00,1,1,NULL,0.00
01fd077212124329bac32490e8ef80d9,sports_leisure,65.00,2,2,NULL,0.00
01fd077212124329bac32490e8ef80d9,toys,345.00,7,9,NULL,0.00
01fdefa7697d26ad920e9e0346d4bd1b,health_beauty,14802.53,128,130,NULL,5.38
0241d4d5d36f10f80c644447315af0bd,furniture_decor,31397.70,238,246,1.00,4.47
0249d282d911d23cb8b869ab49c99f53,sports_leisure,393.00,11,11,NULL,18.18
024b564ae893ce8e9bfa02c10a401ece,market_place,467.40,1,6,NULL,0.00
024b564ae893ce8e9bfa02c10a401ece,musical_instruments,239.00,1,2,NULL,0.00
028872bfa080090a9d0abd4f1af168f8,unknown,70.50,1,3,NULL,0.00
02b72cdeb9cfcc429f1af6f4e3f3b737,baby,522.65,4,4,NULL,0.00
02c988090b766852e088c69d7fb3b551,fashion_shoes,646.19,4,4,NULL,0.00
02c988090b766852e088c69d7fb3b551,signaling_and_security,918.18,8,12,NULL,0.00
02d35243ea2e497335cd0f076b45675d,furniture_decor,5794.00,14,16,NULL,25.00
02dcd3e8e25bee036e32512bcf175493,stationery,1341.90,13,15,NULL,33.33
02ecc2a19303f05e59ce133fd923fff7,furniture_decor,1158.48,6,6,NULL,0.00
02ecc2a19303f05e59ce133fd923fff7,garden_tools,2051.77,8,9,NULL,0.00
02ecc2a19303f05e59ce133fd923fff7,home_construction,2053.94,8,9,NULL,0.00
02f5837340d7eb4f653d676c7256523a,luggage_accessories,3883.05,30,30,NULL,3.33
02f623a8eb246f3c5f7c2f96462654e6,health_beauty,420.00,3,3,NULL,0.00
02f623a8eb246f3c5f7c2f96462654e6,sports_leisure,5958.00,41,41,NULL,7.32
0307f7565ff85b299b6e5ef162b1b1a9,cool_stuff,3666.00,4,4,NULL,0.00
0307f7565ff85b299b6e5ef162b1b1a9,perfumery,16.90,1,1,NULL,0.00
0307f7565ff85b299b6e5ef162b1b1a9,small_appliances,1029.00,1,1,NULL,0.00
0336182e1b3e92f029d5354832045fdf,furniture_decor,29.80,1,2,NULL,0.00
034b9387752bfa309f350a70cd45ffa3,toys,96.00,8,8,NULL,0.00
038b75b729c8a9a04b0d07cba7eabe86,housewares,467.00,2,2,NULL,50.00
039b29ff3b3473435d0cd59040575de9,dvds_blu_ray,35.60,4,4,NULL,0.00
039b29ff3b3473435d0cd59040575de9,music,79.30,5,5,NULL,0.00
039e6ad9dae79614493083e241147386,garden_tools,12925.00,5,5,NULL,20.00
03a2a6dcbe45d639c4dc2a0d24769c40,garden_tools,1078.41,9,9,NULL,11.11
03bd479e1d9484cdb14104d3023f7321,auto,359.70,3,3,NULL,0.00
0417b067eeab773d2f7061a726dc477f,auto,1859.18,13,13,NULL,23.08
042573af89b6d931f672efaf789d8358,small_appliances,354.98,2,2,NULL,50.00
042573af89b6d931f672efaf789d8358,sports_leisure,58.50,1,1,NULL,0.00
04308b1ee57b6625f47df1d56f00eedf,health_beauty,58991.80,92,92,5.00,7.61
0432ead42b6c8a0bdf68154add917fdf,consoles_games,114.70,3,3,NULL,0.00
0432ead42b6c8a0bdf68154add917fdf,housewares,79.90,1,1,NULL,0.00
0432ead42b6c8a0bdf68154add917fdf,toys,7379.80,78,83,NULL,2.41
044668ccd5316b12a7cf0d54a156e3e9,food,137.80,3,4,NULL,0.00
04843805947f0fc584fc1969b6e50fe7,bed_bath_table,1400.00,1,2,NULL,0.00
048c2757535328e0d7dac690ad3c0aae,fashion_shoes,9065.08,50,50,NULL,12.00
04aa0a1c5ce6b222003403a3e11c3cc0,auto,5409.00,10,16,NULL,12.50
04aa0a1c5ce6b222003403a3e11c3cc0,sports_leisure,109.00,1,1,NULL,0.00
04aba03279157f6d4e0fe8ccaf21963c,health_beauty,2416.00,15,15,NULL,6.67
04e38a233f726ef161074ab1c9b0399a,baby,183.50,5,5,5.00,0.00
04e38a233f726ef161074ab1c9b0399a,housewares,355.20,6,8,NULL,0.00
04e38a233f726ef161074ab1c9b0399a,sports_leisure,452.90,8,11,NULL,9.09
04ee0ec01589969663ba5967c0e0bdc0,arts_and_craftmanship,289.49,1,1,NULL,0.00
04fdea0c111866e6cf812f1570d6b5bd,computers_accessories,665.00,7,7,NULL,0.00
04fdea0c111866e6cf812f1570d6b5bd,electronics,200.00,1,1,NULL,100.00
0509040ea3fe50071181bbc359eb7738,bed_bath_table,45.90,1,1,NULL,0.00
0509040ea3fe50071181bbc359eb7738,housewares,319.05,7,9,NULL,0.00
0509040ea3fe50071181bbc359eb7738,sports_leisure,3324.40,79,86,NULL,4.65
052577151711aec5c744fe12e66db3e1,small_appliances,687.00,1,1,NULL,0.00
054694fa03fe82cec4b7551487331d74,cool_stuff,1987.00,6,7,NULL,14.29
054694fa03fe82cec4b7551487331d74,home_appliances_2,2387.00,5,5,NULL,40.00
054694fa03fe82cec4b7551487331d74,housewares,224.10,1,1,NULL,100.00
054694fa03fe82cec4b7551487331d74,small_appliances,3688.00,8,8,NULL,25.00
056b4ada5bbc2c50cc7842547dda6b51,electronics,2289.95,5,5,NULL,20.00
056b4ada5bbc2c50cc7842547dda6b51,watches_gifts,9913.45,59,60,5.00,10.00
0570350b23eda5444f8d1d9544932058,health_beauty,278.50,4,5,NULL,0.00
0570350b23eda5444f8d1d9544932058,perfumery,348.40,2,6,NULL,0.00
05730013efda596306417c3b09302475,arts_and_craftmanship,238.00,1,1,NULL,0.00
05730013efda596306417c3b09302475,furniture_decor,714.00,3,3,NULL,0.00
058cb5aeb36d7c0fcae20fc85d5e0a59,luggage_accessories,1236.00,11,12,NULL,8.33
058fd0aa2bfdb2274e05e1ae971dabb6,health_beauty,140.00,1,1,NULL,0.00
058fd0aa2bfdb2274e05e1ae971dabb6,perfumery,7409.90,59,62,NULL,8.06
05a48cc8859962767935ab9087417fbb,garden_tools,42.90,1,1,NULL,0.00
05a940b4ecae36cadfd8e93bd9c43257,audio,251.90,1,1,NULL,0.00
05a940b4ecae36cadfd8e93bd9c43257,computers_accessories,193.60,4,4,NULL,0.00
05a940b4ecae36cadfd8e93bd9c43257,cool_stuff,249.60,4,4,NULL,0.00
05aebce0b5c8f0d41b29b686f2d05fd3,garden_tools,40.00,1,1,NULL,0.00
05aebce0b5c8f0d41b29b686f2d05fd3,home_comfort_2,34.99,1,1,NULL,0.00
05ca864204d09595ae591b93ea9cf93d,consoles_games,179.90,1,1,NULL,0.00
05d2173d43ea568aa0540eba70d2ca76,auto,4509.06,46,50,NULL,0.00
05d2173d43ea568aa0540eba70d2ca76,construction_tools_construction,670.60,12,12,NULL,16.67
05d2173d43ea568aa0540eba70d2ca76,housewares,580.00,4,4,NULL,25.00
05e107217c7266362fd44b75b2cd4cc4,stationery,193.38,5,8,NULL,25.00
05f51e13da97139648b8125c31e5f51b,baby,12614.51,55,58,NULL,13.79
05f51e13da97139648b8125c31e5f51b,cool_stuff,485.80,2,2,NULL,50.00
05feb94f19d094d4b0f9281f0b1d4c99,garden_tools,6727.00,4,4,NULL,0.00
05feb94f19d094d4b0f9281f0b1d4c99,housewares,2626.00,2,2,NULL,0.00
05ff92fedb5be47920fea08e501238b9,cool_stuff,8300.68,28,30,NULL,0.00
05ff92fedb5be47920fea08e501238b9,health_beauty,4811.56,11,11,NULL,9.09
05ff92fedb5be47920fea08e501238b9,small_appliances,7525.34,17,18,4.00,5.56
05ff92fedb5be47920fea08e501238b9,unknown,598.40,1,1,NULL,0.00
062c325cd6a2b87845fab56b4ec2eeae,baby,37.88,1,1,NULL,0.00
062c325cd6a2b87845fab56b4ec2eeae,stationery,95.34,1,1,NULL,0.00
062ce95fa2ad4dfaedfc79260130565f,bed_bath_table,742.20,16,18,NULL,5.56
062ce95fa2ad4dfaedfc79260130565f,furniture_decor,3019.70,20,23,NULL,4.35
062ce95fa2ad4dfaedfc79260130565f,health_beauty,319.60,4,4,NULL,0.00
062ce95fa2ad4dfaedfc79260130565f,market_place,3328.70,13,13,NULL,0.00
062ce95fa2ad4dfaedfc79260130565f,sports_leisure,68.90,1,1,NULL,0.00
06532f10282704ef4c69168b914b77be,garden_tools,9232.95,6,7,NULL,0.00
06532f10282704ef4c69168b914b77be,home_construction,595.00,1,1,NULL,0.00
06579cb253ecd5a3a12a9e6eb6bf8f47,agro_industry_and_commerce,186.80,2,2,NULL,0.00
06579cb253ecd5a3a12a9e6eb6bf8f47,furniture_decor,74.90,1,1,NULL,0.00
06579cb253ecd5a3a12a9e6eb6bf8f47,housewares,4325.70,58,67,5.00,10.45
066a6914e1ebf3ea95a216c73a986b91,auto,1887.29,8,9,NULL,0.00
066a6914e1ebf3ea95a216c73a986b91,baby,91.99,3,4,NULL,0.00
066a6914e1ebf3ea95a216c73a986b91,furniture_decor,719.08,11,12,NULL,16.67
066a6914e1ebf3ea95a216c73a986b91,garden_tools,32.99,1,1,NULL,0.00
066a6914e1ebf3ea95a216c73a986b91,housewares,39.99,1,1,NULL,0.00
066a6914e1ebf3ea95a216c73a986b91,market_place,74.90,1,1,NULL,0.00
066a6914e1ebf3ea95a216c73a986b91,sports_leisure,6110.14,41,44,NULL,2.27
0691148aee60ca47977c187804f935ae,auto,544.97,6,7,NULL,0.00
0691148aee60ca47977c187804f935ae,fashion_bags_accessories,147.79,1,1,NULL,0.00
0691148aee60ca47977c187804f935ae,health_beauty,171.80,2,2,NULL,0.00
0691148aee60ca47977c187804f935ae,sports_leisure,4727.20,35,40,NULL,5.00
0691148aee60ca47977c187804f935ae,stationery,235.28,2,2,NULL,0.00
0691148aee60ca47977c187804f935ae,toys,41.47,1,1,NULL,0.00
0692610d8abe24f287e9fae90ea0bbee,computers_accessories,130.99,2,2,NULL,50.00
0692610d8abe24f287e9fae90ea0bbee,furniture_decor,43.00,2,2,NULL,0.00
06a2c3af7b3aee5d69171b0e14f0ee87,health_beauty,36097.98,389,402,4.00,19.40
06bb3a2fe5e7b7a845b13e8fb91bd944,health_beauty,1536.19,17,18,NULL,0.00
06df0c10d34e459d9672bc77388742eb,sports_leisure,9070.00,26,30,NULL,3.33
06e5eefc71ec47ae763c5c6f8db7064f,computers_accessories,7310.48,33,34,NULL,0.00
06e5eefc71ec47ae763c5c6f8db7064f,construction_tools_safety,8517.58,26,26,NULL,0.00
06e5eefc71ec47ae763c5c6f8db7064f,cool_stuff,3431.45,19,19,NULL,0.00
06e5eefc71ec47ae763c5c6f8db7064f,electronics,1657.66,9,10,NULL,0.00
06e5eefc71ec47ae763c5c6f8db7064f,musical_instruments,459.49,3,3,NULL,0.00
06e5eefc71ec47ae763c5c6f8db7064f,telephony,272.01,1,1,NULL,0.00
07017df32dc5f2f1d2801e579548d620,telephony,488.50,5,6,NULL,0.00
07017df32dc5f2f1d2801e579548d620,unknown,457.99,3,3,NULL,0.00
070d165398b553f3b4b851c216b8a358,pet_shop,3333.17,31,38,NULL,10.53
0725b8c0f3f906e58f70cbe76b7c748c,auto,39.99,1,1,NULL,100.00
0725b8c0f3f906e58f70cbe76b7c748c,housewares,1093.95,9,15,NULL,20.00
0725b8c0f3f906e58f70cbe76b7c748c,signaling_and_security,194.76,2,4,NULL,0.00
0725b8c0f3f906e58f70cbe76b7c748c,sports_leisure,36.72,1,6,NULL,0.00
0725b8c0f3f906e58f70cbe76b7c748c,stationery,796.10,3,10,NULL,0.00
0743a0239d764b9a0f959a57d07e36ab,food,287.97,3,3,NULL,0.00
0743a0239d764b9a0f959a57d07e36ab,health_beauty,48.99,1,1,NULL,0.00
0747d5bb69f0586cc869d8af4c50f93e,perfumery,322.80,12,13,NULL,7.69
0761743cbffb25d7148189e9f1a5f03a,health_beauty,202.20,2,6,4.00,0.00
0761743cbffb25d7148189e9f1a5f03a,sports_leisure,39.00,1,1,NULL,0.00
077c5fae4bea9500e3737b16f71b9d3a,housewares,106.80,4,6,NULL,0.00
0791d9fc1e30678ecf03d3e55fa108d3,housewares,842.00,5,11,NULL,0.00
079d295dcbf06ee8bb1b65ba964eb2b6,construction_tools_construction,349.30,5,10,NULL,0.00
07a9bc7f61396b658ddf3ac534efe44c,toys,119.90,1,1,NULL,0.00
07bf9669d84d1f11be443a9dd938f698,garden_tools,144.00,2,2,NULL,0.00
07bf9669d84d1f11be443a9dd938f698,kitchen_dining_laundry_garden_furniture,1632.00,16,22,NULL,0.00
07d75e33f2750d97d467fb57e4dfdd8a,computers_accessories,699.90,1,1,NULL,0.00
07d75e33f2750d97d467fb57e4dfdd8a,small_appliances,22.50,1,1,NULL,0.00
07de60b03d150fb3ea09eab5da5e4c8b,bed_bath_table,719.10,9,9,NULL,11.11
07e8e8fc5222bb358e6f259da3197074,unknown,51.80,2,2,NULL,0.00
080102cd0a76b09e0dcf55fcacc60e05,computers_accessories,5101.36,90,94,NULL,4.26
080102cd0a76b09e0dcf55fcacc60e05,consoles_games,357.80,26,28,NULL,0.00
080102cd0a76b09e0dcf55fcacc60e05,electronics,42.90,1,1,NULL,0.00
080102cd0a76b09e0dcf55fcacc60e05,home_appliances,81.60,4,4,NULL,25.00
080102cd0a76b09e0dcf55fcacc60e05,toys,28.99,1,1,NULL,0.00
080199a181c46c657dc5aa235411be3b,auto,14504.20,79,83,NULL,1.20
08061dc0fc165ed41288cc7acde738ee,computers_accessories,123.80,4,4,NULL,25.00
08084d990eb3f53af056ccbc1730c8a7,electronics,372.50,12,12,NULL,0.00
081acf3de680d554796c9cf041be7bc2,construction_tools_lights,399.50,1,1,NULL,100.00
081acf3de680d554796c9cf041be7bc2,furniture_decor,1197.80,3,7,NULL,0.00
082e0bf4cb865a6533b1e8e498cc0255,garden_tools,1993.40,10,22,NULL,13.64
082e0bf4cb865a6533b1e8e498cc0255,housewares,79.90,1,1,NULL,0.00
085f6f7e049c996695fb2074fe38d45e,auto,18.80,1,1,NULL,0.00
085f6f7e049c996695fb2074fe38d45e,housewares,53.10,2,3,NULL,0.00
085f6f7e049c996695fb2074fe38d45e,market_place,68.80,1,1,NULL,0.00
085f6f7e049c996695fb2074fe38d45e,sports_leisure,140.90,1,1,NULL,0.00
085f6f7e049c996695fb2074fe38d45e,unknown,23.80,1,2,NULL,0.00
08633c14ef2db992c11f840f04fad4cd,costruction_tools_garden,24.70,1,1,NULL,0.00
08633c14ef2db992c11f840f04fad4cd,food,33.80,1,2,NULL,0.00
08633c14ef2db992c11f840f04fad4cd,food_drink,317.20,6,8,NULL,0.00
08633c14ef2db992c11f840f04fad4cd,health_beauty,303.80,8,12,NULL,8.33
08633c14ef2db992c11f840f04fad4cd,sports_leisure,6964.80,58,74,NULL,5.41
0873d9f8f36123f8d910f4760e788cfb,computers,1390.00,1,1,NULL,0.00
0873d9f8f36123f8d910f4760e788cfb,telephony,5875.59,5,5,NULL,40.00
0885aaf116795758dfeb5f1032487bcd,baby,264.80,2,2,NULL,0.00
0885aaf116795758dfeb5f1032487bcd,bed_bath_table,2308.30,25,27,NULL,0.00
0887a9f087bcd5d9f6642b52f897fc6c,auto,584.00,4,4,NULL,0.00
0887a9f087bcd5d9f6642b52f897fc6c,computers_accessories,329.00,1,1,NULL,0.00
0887a9f087bcd5d9f6642b52f897fc6c,telephony,729.00,7,7,NULL,14.29
08ad4ac1388e4420ca531c3edfc46198,pet_shop,221.62,6,7,NULL,0.00
08cdbae123ff67ca4e36d9d641ce0119,furniture_living_room,3098.99,4,6,NULL,66.67
08d0949a9a17c027262db1f3c450c26c,furniture_decor,324.80,12,12,NULL,0.00
08d1c9478fb0d7d7fcac9c0da4e82fc7,furniture_decor,538.00,1,1,NULL,0.00
08d2d642cf72b622b14dde1d2f5eb2f5,computers_accessories,365.50,3,3,NULL,0.00
08d2d642cf72b622b14dde1d2f5eb2f5,stationery,74.00,5,9,NULL,11.11
08d2d642cf72b622b14dde1d2f5eb2f5,telephony,320.00,1,1,NULL,0.00
08d2d642cf72b622b14dde1d2f5eb2f5,unknown,60.00,2,2,NULL,0.00
08d2d642cf72b622b14dde1d2f5eb2f5,watches_gifts,89.50,5,5,NULL,20.00
08f5819815f3d06545011850bd70f0a8,health_beauty,452.00,3,3,NULL,0.00
091065b789659bc3cd9af9cb3a6253ff,cool_stuff,1359.00,2,2,NULL,0.00
0936e1837d0c79253456bbb2ffaaef10,garden_tools,38.90,1,2,NULL,0.00
093805f8f2aeb63881444571e1f48f30,health_beauty,1215.79,22,27,NULL,3.70
094ced053e257ae8cae57205592d6712,health_beauty,960.40,11,11,NULL,0.00
094ced053e257ae8cae57205592d6712,perfumery,558.80,8,8,NULL,0.00
0951a6e282947e09cd47969f4ed0b47f,health_beauty,18.00,1,1,NULL,0.00
0951a6e282947e09cd47969f4ed0b47f,perfumery,474.30,6,6,NULL,0.00
09883d9ab71c8fe8a9bfc7fc3075b07e,health_beauty,209.70,3,3,NULL,33.33
09883d9ab71c8fe8a9bfc7fc3075b07e,unknown,59.90,1,1,NULL,0.00
099095b050cfe8eb1ddff5317587e96e,baby,129.99,1,1,NULL,0.00
099095b050cfe8eb1ddff5317587e96e,cool_stuff,249.99,1,1,NULL,100.00
099095b050cfe8eb1ddff5317587e96e,furniture_living_room,529.99,1,1,NULL,100.00
099095b050cfe8eb1ddff5317587e96e,housewares,1130.93,6,9,NULL,0.00
099095b050cfe8eb1ddff5317587e96e,kitchen_dining_laundry_garden_furniture,265.99,1,1,NULL,0.00
099095b050cfe8eb1ddff5317587e96e,small_appliances_home_oven_and_coffee,189.99,1,1,NULL,0.00
099095b050cfe8eb1ddff5317587e96e,sports_leisure,1728.99,2,2,NULL,50.00
099095b050cfe8eb1ddff5317587e96e,toys,777.97,3,3,NULL,0.00
09bad886111255c5b5030314fc7f1a4a,art,487.50,5,5,NULL,0.00
09f952a5f58d2285b0372551ae8f9b01,furniture_decor,6665.00,36,41,NULL,7.32
09f952a5f58d2285b0372551ae8f9b01,home_construction,5156.50,14,15,NULL,0.00
0a198e95d32b1be2da9424c962a6ebfa,garden_tools,69.99,1,1,NULL,0.00
0a82f5fb06a4fe4ac2cf7cb412ec71b8,construction_tools_construction,462.00,2,2,NULL,0.00
0a85ebe4e328db81ac9109781205e2f7,furniture_decor,588.00,11,11,NULL,9.09
0a85ebe4e328db81ac9109781205e2f7,party_supplies,79.90,1,1,NULL,0.00
0aa2205ca24f113f4658a5c536667426,stationery,815.62,4,11,NULL,0.00
0ac4201fda2c68ebc0e47cb9423cf3c9,fashion_bags_accessories,398.00,1,1,NULL,0.00
0ac4201fda2c68ebc0e47cb9423cf3c9,health_beauty,479.88,11,12,NULL,8.33
0ac4201fda2c68ebc0e47cb9423cf3c9,watches_gifts,799.00,1,1,NULL,0.00
0ad80de75c811326389cfb1daba7d45e,toys,1449.40,6,6,NULL,0.00
0adac9fbd9a2b63cccaac4f8756c1ca8,furniture_decor,583.20,6,9,NULL,0.00
0adac9fbd9a2b63cccaac4f8756c1ca8,home_appliances,6990.00,10,10,5.00,0.00
0adac9fbd9a2b63cccaac4f8756c1ca8,housewares,7543.21,85,106,NULL,5.66
0adac9fbd9a2b63cccaac4f8756c1ca8,market_place,383.29,4,8,NULL,0.00
0adac9fbd9a2b63cccaac4f8756c1ca8,stationery,57.90,1,1,NULL,0.00
0ade5cc4a305ed7093a23f68ca47519c,auto,158.88,2,2,NULL,0.00
0aea4c6ae1505b3228ddf3dd7822ee5b,watches_gifts,1427.91,8,8,NULL,25.00
0af2ab31141893d26aca5a404a537dab,computers_accessories,59.00,1,1,NULL,0.00
0af977692321d895349eded183341d28,pet_shop,257.75,2,2,NULL,0.00
0afccdb8a34ee5c79f7c06faf2b4d56e,telephony,1185.60,24,24,5.00,8.33
0b09101900100c0e9d312861fad5a1b9,furniture_decor,153.75,1,1,NULL,0.00
0b0ddbc7b9d9584f442c7ac92b0ff6c9,auto,1416.76,3,3,NULL,0.00
0b18d63d0cd1d723567903fd34a07df2,auto,648.54,5,10,NULL,0.00
0b18d63d0cd1d723567903fd34a07df2,musical_instruments,1029.60,4,4,NULL,0.00
0b1ca3ef18a63d7eb0c8897fa0849c08,health_beauty,55.00,1,1,NULL,0.00
0b35c634521043bf4b47e21547b99ab5,construction_tools_construction,13235.65,50,77,NULL,11.69
0b36063d5818f81ccb94b54adfaebbf5,garden_tools,765.00,1,15,NULL,0.00
0b3f27369a4d8df98f7eb91077e438ac,furniture_decor,98.67,1,1,NULL,0.00
0b3f27369a4d8df98f7eb91077e438ac,unknown,47.84,1,1,NULL,0.00
0b46f784306be7200ca1700aa55d819f,auto,19.90,1,1,NULL,0.00
0b64bcdb0784abc139af04077d49a20e,health_beauty,137.60,4,4,NULL,0.00
0b90b6df587eb83608a64ea8b390cf07,computers_accessories,28492.76,163,209,5.00,3.35
0bae85eb84b9fb3bd773911e89288d54,art,194.60,4,4,NULL,0.00
0bae85eb84b9fb3bd773911e89288d54,audio,31.80,2,2,NULL,0.00
0bae85eb84b9fb3bd773911e89288d54,baby,29.90,1,1,NULL,0.00
0bae85eb84b9fb3bd773911e89288d54,bed_bath_table,260.10,3,3,NULL,0.00
0bae85eb84b9fb3bd773911e89288d54,furniture_decor,178.80,2,2,NULL,0.00
0bae85eb84b9fb3bd773911e89288d54,garden_tools,32.28,1,1,NULL,0.00
0bae85eb84b9fb3bd773911e89288d54,health_beauty,136.50,2,3,NULL,0.00
0bae85eb84b9fb3bd773911e89288d54,home_construction,69.81,1,1,NULL,0.00
0bae85eb84b9fb3bd773911e89288d54,housewares,4531.98,76,77,NULL,1.30
0bae85eb84b9fb3bd773911e89288d54,sports_leisure,229.20,4,6,NULL,0.00
0bae85eb84b9fb3bd773911e89288d54,stationery,249.61,7,7,NULL,0.00
0bae85eb84b9fb3bd773911e89288d54,toys,1378.47,31,36,NULL,0.00
0bae85eb84b9fb3bd773911e89288d54,watches_gifts,110.51,2,2,NULL,0.00
0bb27263628258b8111a0262769fa9db,housewares,22.20,1,1,NULL,0.00
0bb738e4d789e63e2267697c42d35a2d,garden_tools,443.60,13,14,NULL,7.14
0bb738e4d789e63e2267697c42d35a2d,industry_commerce_and_business,1864.80,16,16,NULL,0.00
0be8ff43f22e456b4e0371b2245e4d01,auto,89.90,1,1,NULL,0.00
0be8ff43f22e456b4e0371b2245e4d01,bed_bath_table,524.90,10,11,NULL,9.09
0be8ff43f22e456b4e0371b2245e4d01,computers_accessories,184.40,5,6,NULL,16.67
0be8ff43f22e456b4e0371b2245e4d01,fashion_bags_accessories,429.60,4,4,NULL,25.00
0be8ff43f22e456b4e0371b2245e4d01,fashion_sport,199.50,2,5,NULL,0.00
0be8ff43f22e456b4e0371b2245e4d01,furniture_decor,64.90,1,1,NULL,100.00
0be8ff43f22e456b4e0371b2245e4d01,furniture_mattress_and_upholstery,129.90,1,1,NULL,0.00
0be8ff43f22e456b4e0371b2245e4d01,housewares,1207.60,22,25,NULL,4.00
0be8ff43f22e456b4e0371b2245e4d01,luggage_accessories,3575.10,31,31,NULL,3.23
0be8ff43f22e456b4e0371b2245e4d01,sports_leisure,2702.30,58,68,NULL,5.88
0be8ff43f22e456b4e0371b2245e4d01,stationery,799.00,10,10,NULL,10.00
0be8ff43f22e456b4e0371b2245e4d01,toys,1019.20,8,9,NULL,0.00
0be8ff43f22e456b4e0371b2245e4d01,watches_gifts,409.70,3,3,NULL,0.00
0bebbb2cea103a4a020c95d43fd7d754,drinks,155.00,1,1,NULL,0.00
0bebbb2cea103a4a020c95d43fd7d754,health_beauty,1212.20,8,8,NULL,0.00
0bf0150d5b9d60d9cd2906003332f085,furniture_decor,5335.10,34,57,NULL,14.04
0bf0150d5b9d60d9cd2906003332f085,home_confort,439.50,5,5,NULL,20.00
0bfd0b434243adc5c2e1aa6baf19c6aa,furniture_decor,84.90,1,1,NULL,0.00
0bfd0b434243adc5c2e1aa6baf19c6aa,housewares,76.40,2,2,NULL,0.00
0bfd0b434243adc5c2e1aa6baf19c6aa,luggage_accessories,97.50,1,1,NULL,0.00
0bfd0b434243adc5c2e1aa6baf19c6aa,unknown,42.50,1,1,NULL,0.00
0bfd0b434243adc5c2e1aa6baf19c6aa,watches_gifts,69.90,1,1,NULL,0.00
0c7533c71df861ec58ad7ff999ed0e8d,perfumery,2989.30,61,73,5.00,4.11
0c7f30ae9b147eca07affbef92832a6a,computers_accessories,159.80,2,2,NULL,0.00
0c7f30ae9b147eca07affbef92832a6a,office_furniture,39.90,1,1,NULL,0.00
0c7f30ae9b147eca07affbef92832a6a,sports_leisure,129.90,1,1,NULL,0.00
0c7f30ae9b147eca07affbef92832a6a,unknown,149.90,1,1,NULL,0.00
0c8380b62e38e8a1e6adbeba7eb9688c,baby,173.70,3,3,NULL,0.00
0c8380b62e38e8a1e6adbeba7eb9688c,bed_bath_table,10780.59,121,139,NULL,5.76
0c8380b62e38e8a1e6adbeba7eb9688c,furniture_decor,4250.70,33,45,NULL,4.44
0c8380b62e38e8a1e6adbeba7eb9688c,unknown,2024.00,27,31,NULL,0.00
0cab2da43793a6f3c5ed8514c5f54627,sports_leisure,69.90,1,1,NULL,0.00
0cab2da43793a6f3c5ed8514c5f54627,stationery,239.80,2,2,NULL,0.00
0cbcee27c791afa0cdcb08587a2013a8,fashion_bags_accessories,3453.15,27,29,NULL,6.90
0cbcee27c791afa0cdcb08587a2013a8,fashion_sport,225.00,1,1,NULL,0.00
0cbcee27c791afa0cdcb08587a2013a8,sports_leisure,1376.00,9,9,NULL,22.22
0d33a55da925bbf1ff02af5f6059fc7f,books_general_interest,126.60,7,9,NULL,11.11
0d33a55da925bbf1ff02af5f6059fc7f,books_technical,289.00,11,11,NULL,0.00
0d33a55da925bbf1ff02af5f6059fc7f,furniture_decor,19.90,1,1,NULL,0.00
0d33a55da925bbf1ff02af5f6059fc7f,toys,111.80,3,3,NULL,0.00
0d4c8269e7f0401201794deef160edd6,auto,792.64,3,4,NULL,0.00
0d83f8e03188682112cc0d93523705cc,computers_accessories,516.30,3,6,NULL,66.67
0d83f8e03188682112cc0d93523705cc,unknown,179.96,1,2,NULL,0.00
0d85bbda9889ce1f7e63778d24f346eb,art,499.50,5,5,NULL,0.00
0d85bbda9889ce1f7e63778d24f346eb,christmas_supplies,2110.80,15,22,NULL,36.36
0d85bbda9889ce1f7e63778d24f346eb,stationery,2234.90,31,31,NULL,9.68
0daf5180aa44356f60f8effa533b55a2,perfumery,144.80,2,2,NULL,0.00
0db783cfcd3b73998abc6e10e59a102f,auto,36.90,1,1,NULL,0.00
0db783cfcd3b73998abc6e10e59a102f,computers_accessories,1012.30,22,22,NULL,13.64
0db783cfcd3b73998abc6e10e59a102f,cool_stuff,139.80,2,2,NULL,0.00
0db783cfcd3b73998abc6e10e59a102f,tablets_printing_image,4993.80,50,53,NULL,1.89
0db783cfcd3b73998abc6e10e59a102f,telephony,2894.60,57,59,NULL,1.69
0dd184061fb0eaa7ca37932c68ab91c5,housewares,6741.92,53,63,NULL,12.70
0dd184061fb0eaa7ca37932c68ab91c5,industry_commerce_and_business,9863.00,92,112,4.00,8.04
0dd184061fb0eaa7ca37932c68ab91c5,sports_leisure,1842.00,16,18,NULL,0.00
0ddefe3c7a032b91f4e25b9c3a08fca1,art,68.90,1,1,NULL,0.00
0ddefe3c7a032b91f4e25b9c3a08fca1,arts_and_craftmanship,229.50,4,4,NULL,0.00
0ddefe3c7a032b91f4e25b9c3a08fca1,computers_accessories,36.90,1,1,NULL,0.00
0ddefe3c7a032b91f4e25b9c3a08fca1,stationery,67.60,3,4,NULL,0.00
0df3984f9dfb3d49ac6366acbd3bbb85,health_beauty,9530.09,80,82,4.00,0.00
0df3984f9dfb3d49ac6366acbd3bbb85,perfumery,361.40,6,6,NULL,16.67
0dfbed20065e425d2eaefb101f9816c0,baby,50.36,2,2,NULL,50.00
0dfbed20065e425d2eaefb101f9816c0,housewares,33.99,1,1,NULL,0.00
0e44d110fa6a54e121cb2c095a77762f,stationery,223.32,6,6,NULL,16.67
0e72c1a751b496722a6cb1f10653b62a,books_general_interest,45.90,1,1,NULL,0.00
0e72c1a751b496722a6cb1f10653b62a,toys,94.90,2,2,NULL,0.00
0e982cff76cc0579f632cea8a0e38c9d,musical_instruments,971.90,6,7,NULL,0.00
0ea22c1cfbdc755f86b9b54b39c16043,auto,69.80,2,2,NULL,0.00
0ea22c1cfbdc755f86b9b54b39c16043,baby,34.90,1,1,NULL,0.00
0ea22c1cfbdc755f86b9b54b39c16043,fashion_bags_accessories,9799.40,214,242,NULL,0.41
0ea22c1cfbdc755f86b9b54b39c16043,market_place,49.80,2,2,NULL,0.00
0ea22c1cfbdc755f86b9b54b39c16043,music,89.80,2,2,NULL,0.00
0ea22c1cfbdc755f86b9b54b39c16043,musical_instruments,24.90,1,1,NULL,0.00
0ea22c1cfbdc755f86b9b54b39c16043,pet_shop,179.40,6,6,NULL,0.00
0ea22c1cfbdc755f86b9b54b39c16043,stationery,74.80,2,2,NULL,50.00
0ea22c1cfbdc755f86b9b54b39c16043,toys,99.90,1,1,NULL,0.00
0ea22c1cfbdc755f86b9b54b39c16043,unknown,169.40,6,6,NULL,0.00
0eaa7e33d73809f1f925f7d07c506cbd,cool_stuff,42.00,1,1,NULL,0.00
0eaa7e33d73809f1f925f7d07c506cbd,toys,1510.00,14,14,NULL,0.00
0ebd97a106433a45a4aebe57c1799778,fashion_bags_accessories,3046.80,31,32,NULL,0.00
0ec28cec4046a4a199b6de9b4c891d97,health_beauty,296.60,3,4,NULL,0.00
0ed6ce5d87fd9c69eaacaeb778d67235,agro_industry_and_commerce,544.60,4,4,NULL,0.00
0ed6ce5d87fd9c69eaacaeb778d67235,air_conditioning,124.50,5,5,NULL,0.00
0ed6ce5d87fd9c69eaacaeb778d67235,electronics,362.72,20,20,NULL,5.00
0ed6ce5d87fd9c69eaacaeb778d67235,housewares,994.70,13,13,NULL,38.46
0ee4fb99ac55ffbbc98795aa01b7f8fa,furniture_decor,59.90,1,1,NULL,0.00
0ef83d7d83ed97cd2a0049ac8be5f88a,health_beauty,1748.95,27,31,NULL,0.00
0ef83d7d83ed97cd2a0049ac8be5f88a,sports_leisure,2672.06,21,24,NULL,4.17
0f0c984a4a955310903b6b6008660bad,health_beauty,59.90,1,1,NULL,0.00
0f0c984a4a955310903b6b6008660bad,sports_leisure,309.91,3,3,NULL,0.00
0f519b0d2e5eb2227c93dd25038bfc01,furniture_decor,79.90,1,1,NULL,0.00
0f7eea709efdf942b5f95c7516dbacd7,health_beauty,195.74,3,3,NULL,0.00
0f80a40c312b2472dca482cf50f5186f,perfumery,129.90,1,1,NULL,0.00
0f94588695d71662beec8d883ffacf09,art,9.00,1,1,NULL,0.00
0fe2d9733ed841eb064503920015a8c0,auto,389.64,3,3,NULL,0.00
0ff83046c3fa22efee8ecf291888b191,sports_leisure,768.90,10,11,NULL,0.00
0ffa40d54288e4f3499b8780dd0f144f,books_general_interest,147.00,3,3,NULL,33.33
0ffa40d54288e4f3499b8780dd0f144f,books_technical,2015.80,30,32,NULL,9.38
10076e5788b8ee532724bcd460baf762,baby,509.48,12,13,NULL,7.69
10076e5788b8ee532724bcd460baf762,cool_stuff,312.00,11,13,NULL,0.00
10089e9f2fd0c668a8fd4e52e1698888,air_conditioning,1139.90,3,3,NULL,0.00
101a3a003516bc11253298b2fad3cb65,fashion_male_clothing,210.00,4,5,NULL,0.00
101a3a003516bc11253298b2fad3cb65,sports_leisure,240.00,1,1,NULL,0.00
1025f0e2d44d7041d6cf58b6550e0bfa,construction_tools_lights,16685.60,66,70,NULL,5.71
1025f0e2d44d7041d6cf58b6550e0bfa,furniture_decor,110770.46,785,1284,4.13,6.93
1025f0e2d44d7041d6cf58b6550e0bfa,home_construction,10227.50,59,61,NULL,3.28
1025f0e2d44d7041d6cf58b6550e0bfa,signaling_and_security,525.00,5,5,NULL,0.00
10264f60a8f0a4d2f30810f5c661c673,health_beauty,284.60,4,4,NULL,0.00
1099a00e0ee3a50935e6c2447ca090c5,air_conditioning,849.70,3,3,NULL,33.33
10cdd491d1dbea8fb4ead97b19c334ce,pet_shop,208.90,3,3,NULL,0.00
10ff823eda2b032e2c93d17a7d294736,auto,379.98,2,2,NULL,0.00
10ff823eda2b032e2c93d17a7d294736,housewares,765.00,6,6,NULL,0.00
112453736dbe3889cfb74e1aaa0ba0c1,auto,1620.00,6,12,NULL,0.00
112453736dbe3889cfb74e1aaa0ba0c1,construction_tools_construction,270.00,1,2,NULL,0.00
1127b7f2594683f2510f1c2c834a486b,auto,99.00,1,1,NULL,0.00
1127b7f2594683f2510f1c2c834a486b,costruction_tools_garden,127.71,6,6,NULL,0.00
1127b7f2594683f2510f1c2c834a486b,furniture_decor,24.89,1,1,NULL,0.00
1127b7f2594683f2510f1c2c834a486b,garden_tools,6418.10,103,120,3.00,5.83
11305281b50fff20ae8bb473f8e11876,auto,279.98,1,2,NULL,0.00
11305281b50fff20ae8bb473f8e11876,furniture_decor,2539.23,12,14,NULL,0.00
11305281b50fff20ae8bb473f8e11876,furniture_mattress_and_upholstery,799.98,2,2,NULL,0.00
11305281b50fff20ae8bb473f8e11876,home_confort,2469.84,15,16,NULL,25.00
11305281b50fff20ae8bb473f8e11876,housewares,219.79,3,3,NULL,33.33
11305281b50fff20ae8bb473f8e11876,unknown,219.88,2,3,NULL,0.00
113e3a788b935f48aad63e1c41dac1bd,christmas_supplies,847.35,39,48,NULL,4.17
116ccb1a1604bc88e4d234a8c23f33de,art,14.60,1,1,NULL,0.00
116ccb1a1604bc88e4d234a8c23f33de,auto,1276.25,50,56,NULL,3.57
116ccb1a1604bc88e4d234a8c23f33de,christmas_supplies,127.00,5,10,NULL,0.00
116ccb1a1604bc88e4d234a8c23f33de,computers_accessories,10.50,1,1,NULL,0.00
116ccb1a1604bc88e4d234a8c23f33de,construction_tools_construction,542.00,4,4,NULL,0.00
116ccb1a1604bc88e4d234a8c23f33de,unknown,34.54,1,1,NULL,0.00
11742f81550ac064cc9a40f67151d9ad,air_conditioning,781.90,2,2,NULL,0.00
117cfc326c6d50da67ca858ff5c0c852,housewares,379.60,4,4,NULL,0.00
117cfc326c6d50da67ca858ff5c0c852,sports_leisure,75.00,1,1,NULL,0.00
11938fcc75f6902fea1d0a6f72b54a57,bed_bath_table,594.98,2,2,NULL,0.00
119c7f1a00ef43fad0e57604e76a747c,health_beauty,189.80,2,2,NULL,0.00
119d1aef1b4144adba89163f6cd9f5d4,furniture_decor,596.00,2,2,NULL,0.00
119d1aef1b4144adba89163f6cd9f5d4,kitchen_dining_laundry_garden_furniture,498.00,2,2,NULL,0.00
11bfa66332777660bd0640ee84d47006,health_beauty,2784.93,45,54,NULL,12.96
11bfa66332777660bd0640ee84d47006,perfumery,1140.94,31,48,1.00,18.75
11d4c477d09821164bca4f70a2eae031,costruction_tools_garden,83.04,3,4,NULL,0.00
11eac105f3f90a9b87b19c89d91e24f3,cool_stuff,682.90,4,4,NULL,0.00
11eac105f3f90a9b87b19c89d91e24f3,toys,119.99,1,1,NULL,0.00
11fb6f6d341adbe19e81733701704635,bed_bath_table,1197.00,3,3,NULL,0.00
120476eb7a04c149d14772edaf5d9bf2,auto,1280.00,1,1,NULL,0.00
120476eb7a04c149d14772edaf5d9bf2,computers_accessories,139.90,1,1,NULL,0.00
120476eb7a04c149d14772edaf5d9bf2,construction_tools_construction,948.90,2,4,NULL,0.00
1284de4ae8aa26997e748c851557cf0e,watches_gifts,1459.97,3,3,NULL,0.00
128639473a139ac0f3e5f5ade55873a5,air_conditioning,401.70,11,13,NULL,0.00
128639473a139ac0f3e5f5ade55873a5,computers_accessories,72.00,1,2,NULL,0.00
128639473a139ac0f3e5f5ade55873a5,electronics,11012.55,511,535,3.00,4.49
128639473a139ac0f3e5f5ade55873a5,health_beauty,219.90,1,1,NULL,0.00
128639473a139ac0f3e5f5ade55873a5,market_place,49.90,1,1,NULL,0.00
128639473a139ac0f3e5f5ade55873a5,musical_instruments,39.80,2,2,NULL,0.00
128f9bfbe4c7d5185033914b1de3d39a,health_beauty,1267.39,13,15,5.00,6.67
12a8eb0f8d1cd3270695bf2a99f55966,luggage_accessories,397.00,2,2,NULL,0.00
12b9676b00f60f3b700e83af21824c0e,baby,158.00,2,2,NULL,0.00
12b9676b00f60f3b700e83af21824c0e,computers_accessories,299.00,1,1,NULL,0.00
12b9676b00f60f3b700e83af21824c0e,cool_stuff,25919.00,130,130,NULL,0.77
12c2ed9cded6138cf0c75f525f565fc7,bed_bath_table,199.98,2,2,NULL,0.00
12c2ed9cded6138cf0c75f525f565fc7,christmas_supplies,29.99,1,1,NULL,100.00
12c2ed9cded6138cf0c75f525f565fc7,food,84.99,1,1,NULL,0.00
13074f016982ff2bd6c58ced8682f000,computers_accessories,348.00,3,3,NULL,0.00
13074f016982ff2bd6c58ced8682f000,kitchen_dining_laundry_garden_furniture,1629.00,10,11,NULL,27.27
131fcb0a0c9a47bba4474aacff0f14b7,home_appliances,369.80,4,4,NULL,0.00
1336efc61c316ddf92c899eb817f7cae,auto,100.99,2,2,NULL,0.00
1336efc61c316ddf92c899eb817f7cae,furniture_decor,1028.46,21,25,NULL,20.00
1336efc61c316ddf92c899eb817f7cae,health_beauty,155.99,4,4,NULL,0.00
1336efc61c316ddf92c899eb817f7cae,housewares,79.00,2,2,NULL,0.00
1336efc61c316ddf92c899eb817f7cae,perfumery,156.00,4,4,NULL,0.00
1336efc61c316ddf92c899eb817f7cae,pet_shop,3115.87,36,43,NULL,2.33
1336efc61c316ddf92c899eb817f7cae,sports_leisure,142.00,4,4,NULL,0.00
1336efc61c316ddf92c899eb817f7cae,stationery,59.00,1,1,NULL,100.00
134285d1f41da5c13a756ee8142c8a4e,auto,1572.70,3,4,NULL,0.00
134a288e7de827ec5ec62e3ec9c3a295,books_technical,867.45,8,8,NULL,0.00
134a288e7de827ec5ec62e3ec9c3a295,electronics,10.00,1,1,NULL,0.00
134b867a0f7f8bbe6abf10f91874891e,auto,789.89,1,1,NULL,0.00
13511db12ac61e2f89c53b72a944a60b,auto,401.00,3,3,NULL,0.00
13511db12ac61e2f89c53b72a944a60b,bed_bath_table,397.00,3,3,NULL,0.00
1352e06ae67b410cdae0b2a22361167b,unknown,178.00,2,2,NULL,100.00
1354d51653f645349064725ed204e85e,art,190.00,3,3,NULL,0.00
1354d51653f645349064725ed204e85e,fashion_bags_accessories,170.00,3,3,NULL,0.00
1354d51653f645349064725ed204e85e,furniture_decor,2050.00,12,14,NULL,0.00
138dbe45fc62f1e244378131a6801526,baby,88.40,5,6,NULL,0.00
138dbe45fc62f1e244378131a6801526,fashion_bags_accessories,24.90,1,1,NULL,0.00
138dbe45fc62f1e244378131a6801526,health_beauty,167.90,11,11,NULL,0.00
138dbe45fc62f1e244378131a6801526,housewares,387.20,17,18,NULL,0.00
138dbe45fc62f1e244378131a6801526,perfumery,55.20,5,8,NULL,12.50
138dbe45fc62f1e244378131a6801526,sports_leisure,353.06,9,13,NULL,0.00
138dbe45fc62f1e244378131a6801526,toys,48.90,1,1,NULL,0.00
139157dd4daa45c25b0807ffff348363,books_technical,29.90,1,1,NULL,0.00
13c2ed7698b3ca92dad49e849219da59,perfumery,498.61,8,9,NULL,0.00
13d058e4eeac2ce8217660b2f8a05812,home_appliances_2,3739.78,22,22,NULL,9.09
13d95f0f6f73943d4ceffad0fc2cd32c,auto,249.99,1,1,NULL,100.00
13dd308f81fea30cc670c656b2b46cc3,health_beauty,117.70,3,3,NULL,0.00
13e85aac53340018b40c2af68001b7e0,furniture_decor,17.80,1,1,NULL,0.00
13f57c12a00ed4610db646b913a7f5c6,auto,645.20,7,13,NULL,15.38
13fa2a6c6b9d0f43cb588d7c82117a12,health_beauty,4528.00,9,10,NULL,30.00
141440cad9341e553f8401c574a2aa38,drinks,1121.00,7,8,NULL,0.00
141440cad9341e553f8401c574a2aa38,health_beauty,167.20,4,4,NULL,0.00
1430239a858e7682bbc43b20758af153,baby,286.29,10,12,NULL,0.00
1430239a858e7682bbc43b20758af153,cool_stuff,68.40,3,3,NULL,0.00
1430239a858e7682bbc43b20758af153,sports_leisure,279.30,4,7,NULL,0.00
1444c08e64d55fb3c25f0f09c07ffcf2,garden_tools,2749.00,1,1,NULL,0.00
1464afc72f696af775557a821c2e253f,health_beauty,126.59,5,5,NULL,0.00
1464afc72f696af775557a821c2e253f,perfumery,932.77,24,25,NULL,4.00
14a08204d03bb6b6bde8029f801ae0eb,auto,75.80,2,2,NULL,0.00
14a08204d03bb6b6bde8029f801ae0eb,computers_accessories,789.90,7,8,NULL,0.00
14a08204d03bb6b6bde8029f801ae0eb,consoles_games,38.00,1,1,NULL,0.00
14a08204d03bb6b6bde8029f801ae0eb,construction_tools_safety,69.00,1,1,NULL,0.00
14a08204d03bb6b6bde8029f801ae0eb,electronics,1195.70,16,25,NULL,0.00
14a08204d03bb6b6bde8029f801ae0eb,musical_instruments,17.00,1,1,NULL,0.00
14d7985702e72162bbf13b6beb74ab2b,sports_leisure,3887.00,37,38,NULL,10.53
14ee35374a7876217954b5fa08e50463,bed_bath_table,119.00,1,1,NULL,0.00
14ee35374a7876217954b5fa08e50463,unknown,690.00,5,5,NULL,20.00
14f2b3587172b9db894c9bad8dab520b,housewares,244.00,2,2,NULL,0.00
152ee17e4c8aaf53dac99f3462e4999b,christmas_supplies,114.00,2,2,NULL,0.00
152ee17e4c8aaf53dac99f3462e4999b,housewares,194.96,4,4,NULL,0.00
154bdf805377afea75a3bd158e9eab10,baby,89.90,1,1,NULL,100.00
1554a68530182680ad5c8b042c3ab563,furniture_decor,8445.32,120,140,5.00,5.71
1554a68530182680ad5c8b042c3ab563,furniture_living_room,18379.71,89,89,NULL,7.87
1554a68530182680ad5c8b042c3ab563,housewares,677.22,14,15,NULL,6.67
1554a68530182680ad5c8b042c3ab563,market_place,64.60,2,2,NULL,0.00
1554a68530182680ad5c8b042c3ab563,toys,1412.79,21,21,NULL,0.00
157c3e4b42f81ac4a44e8b1ca2fe9876,furniture_decor,2488.50,22,27,NULL,7.41
157c3e4b42f81ac4a44e8b1ca2fe9876,home_construction,60.00,1,4,NULL,0.00
1588ac4010787100dddef64568f0ae35,computers_accessories,599.97,3,3,NULL,0.00
15aac934c58d886785ac1b17953ea898,air_conditioning,1742.00,3,4,NULL,50.00
15aac934c58d886785ac1b17953ea898,computers_accessories,32.00,1,1,NULL,0.00
15aac934c58d886785ac1b17953ea898,consoles_games,165.00,3,3,NULL,0.00
15aac934c58d886785ac1b17953ea898,cool_stuff,54.00,2,2,NULL,50.00
15aac934c58d886785ac1b17953ea898,furniture_living_room,80.00,3,3,NULL,0.00
15aac934c58d886785ac1b17953ea898,garden_tools,10.00,1,1,NULL,0.00
15aac934c58d886785ac1b17953ea898,home_appliances,361.90,1,1,NULL,0.00
15aac934c58d886785ac1b17953ea898,housewares,320.00,2,2,NULL,0.00
15aac934c58d886785ac1b17953ea898,musical_instruments,379.00,3,3,NULL,0.00
15aac934c58d886785ac1b17953ea898,sports_leisure,177.00,3,3,NULL,0.00
15aac934c58d886785ac1b17953ea898,telephony,18.00,1,1,NULL,0.00
15aac934c58d886785ac1b17953ea898,unknown,1015.00,2,2,NULL,50.00
15b3b1b81484422eb41df68ac87f1f50,health_beauty,43.35,1,1,NULL,0.00
15cd6eefe58588619aaed41dfa6621b1,unknown,1622.74,16,18,NULL,5.56
15ead3a5037a918ddb520dfe39a3d2b9,books_general_interest,254.50,6,7,NULL,28.57
15fa791d5e017f66402dc28c44480657,baby,1802.00,8,8,NULL,12.50
160851d3ece7aa1a510f8d1a4bb8a8af,computers_accessories,102.05,2,2,NULL,0.00
16090f2ca825584b5a147ab24aa30c86,auto,13036.87,248,251,5.00,6.37
16090f2ca825584b5a147ab24aa30c86,computers_accessories,520.98,2,2,NULL,0.00
16090f2ca825584b5a147ab24aa30c86,consoles_games,8075.99,25,25,NULL,8.00
16090f2ca825584b5a147ab24aa30c86,costruction_tools_tools,59.99,1,1,NULL,0.00
16090f2ca825584b5a147ab24aa30c86,fashion_bags_accessories,369.95,5,5,NULL,20.00
16090f2ca825584b5a147ab24aa30c86,food,3275.93,112,117,NULL,10.26
16090f2ca825584b5a147ab24aa30c86,garden_tools,239.45,5,5,NULL,20.00
160e4f13fd3a64b1b86807be88b5ffb0,garden_tools,349.00,1,1,NULL,0.00
160e4f13fd3a64b1b86807be88b5ffb0,small_appliances,537.00,3,3,NULL,0.00
164a5a8794e6d42e14f55e447b12a3bc,baby,73.99,1,1,NULL,0.00
165b1235e9e9942cb5fae67103576fb0,construction_tools_construction,1392.25,7,11,NULL,9.09
165b1235e9e9942cb5fae67103576fb0,home_construction,65.10,3,3,NULL,0.00
165b1235e9e9942cb5fae67103576fb0,housewares,627.80,1,2,NULL,0.00
165fc07beebdcb6190fba8a06db2a449,computers_accessories,13738.40,47,57,NULL,10.53
165fc07beebdcb6190fba8a06db2a449,sports_leisure,3743.00,3,7,NULL,0.00
1660ad786c27fd935378b6192a90b417,computers_accessories,1570.00,12,13,NULL,7.69
166e8f1381e09651983c38b1f6f91c11,unknown,78.80,2,2,NULL,0.00
167fd940acebc789debd6eb418c46e38,auto,1077.58,5,5,NULL,20.00
1690cada046eb7e92c12f98b1f8a8167,auto,1760.00,10,10,NULL,10.00
16bdc8cefd0e32a6f0824d296c5ad14a,drinks,41.76,1,1,NULL,0.00
1703bc09972dab9782e7a9194943b69f,auto,249.90,1,1,NULL,0.00
1710c3aaa9c6b44ec3883ee0fe300e21,electronics,289.90,1,1,NULL,0.00
1710c3aaa9c6b44ec3883ee0fe300e21,watches_gifts,899.00,1,1,NULL,0.00
17306570e772e7718c92a562d33f5f1d,bed_bath_table,5835.60,21,24,NULL,4.17
17306570e772e7718c92a562d33f5f1d,unknown,2804.40,6,6,NULL,16.67
173d56ffbd4c56cb80fc3615487d712b,luggage_accessories,358.00,2,2,NULL,0.00
1746c1ae87ac63d530c7c943d0ac42e2,auto,229.90,1,1,NULL,0.00
1771297ac436903d1dd6b0e9279aa505,baby,633.90,11,17,NULL,0.00
1771297ac436903d1dd6b0e9279aa505,bed_bath_table,488.99,11,12,NULL,8.33
1771297ac436903d1dd6b0e9279aa505,garden_tools,1758.38,6,7,NULL,0.00
1782ce2db72c3dda627d5e7c898104e1,sports_leisure,885.80,4,5,NULL,20.00
1782ce2db72c3dda627d5e7c898104e1,unknown,177.00,1,1,NULL,0.00
1782ce2db72c3dda627d5e7c898104e1,watches_gifts,948.00,4,4,NULL,0.00
17908cf9b444ee34047cadd5c0f4a516,auto,1993.99,11,11,NULL,9.09
17998cf586426bf0f2c3726cb0a4b211,luggage_accessories,19.90,1,1,NULL,0.00
17998cf586426bf0f2c3726cb0a4b211,pet_shop,49.90,1,1,NULL,0.00
179d859f51292aac5c10806a356f7af9,electronics,404.47,18,19,NULL,5.26
17a053fcb14bd219540cbde0df490be0,office_furniture,38393.74,120,143,NULL,5.59
17a053fcb14bd219540cbde0df490be0,unknown,1959.50,4,5,NULL,0.00
17ca9b9e9b9ef8fdb529001b49ebb50f,bed_bath_table,5194.45,75,85,NULL,1.18
17ca9b9e9b9ef8fdb529001b49ebb50f,furniture_decor,549.67,8,11,NULL,0.00
17ca9b9e9b9ef8fdb529001b49ebb50f,housewares,2766.01,23,23,NULL,0.00
17ca9b9e9b9ef8fdb529001b49ebb50f,stationery,1139.73,9,9,NULL,0.00
17e34d8224d27a541263c4c64b11a56b,computers_accessories,10461.98,40,40,NULL,15.00
17e34d8224d27a541263c4c64b11a56b,consoles_games,6748.32,27,32,NULL,12.50
17e34d8224d27a541263c4c64b11a56b,construction_tools_construction,286.81,5,7,NULL,14.29
17e34d8224d27a541263c4c64b11a56b,cool_stuff,195.70,3,3,NULL,0.00
17e34d8224d27a541263c4c64b11a56b,electronics,7424.01,4,4,NULL,25.00
17e34d8224d27a541263c4c64b11a56b,fixed_telephony,41.95,1,1,NULL,0.00
17e34d8224d27a541263c4c64b11a56b,garden_tools,2824.93,14,16,NULL,0.00
17e34d8224d27a541263c4c64b11a56b,health_beauty,283.27,5,5,NULL,0.00
17e34d8224d27a541263c4c64b11a56b,music,763.50,1,1,NULL,0.00
17e34d8224d27a541263c4c64b11a56b,perfumery,24040.64,130,134,3.00,5.22
17e34d8224d27a541263c4c64b11a56b,sports_leisure,354.56,10,10,NULL,0.00
17e34d8224d27a541263c4c64b11a56b,telephony,1014.61,7,7,NULL,0.00
17eea220a40cc0d2c0c5346379682398,health_beauty,875.98,3,3,NULL,66.67
17f51e7198701186712e53a39c564617,health_beauty,48019.00,56,61,NULL,8.20
180c3376aff0e43dd5788709df48a843,electronics,109.00,1,1,NULL,0.00
180c3376aff0e43dd5788709df48a843,fixed_telephony,4404.00,4,9,NULL,11.11
1835b56ce799e6a4dc4eddc053f04066,baby,284.95,5,5,NULL,20.00
1835b56ce799e6a4dc4eddc053f04066,bed_bath_table,32720.37,412,546,1.00,8.79
1838dd9b8977065acf51d95e0053ea7a,computers_accessories,2275.20,55,58,NULL,1.72
1838dd9b8977065acf51d95e0053ea7a,electronics,255.50,5,5,NULL,20.00
1838dd9b8977065acf51d95e0053ea7a,telephony,219.80,2,2,NULL,0.00
184725737946a1a938bbbd1a9e978103,fashion_bags_accessories,109.90,1,1,NULL,0.00
184725737946a1a938bbbd1a9e978103,health_beauty,249.80,2,2,NULL,0.00
184a67a8f9f63234d3a92340bbdb727f,furniture_decor,246.29,7,10,NULL,0.00
186cdd1b2df32caa72cfb410bba768d3,housewares,1341.45,6,6,NULL,0.00
189ca3538ce9f920cacf0f982cbe223b,stationery,419.00,4,5,NULL,0.00
18a349e75d307f4b4cc646a691ed4216,air_conditioning,40.00,2,2,NULL,0.00
18a349e75d307f4b4cc646a691ed4216,audio,142.56,3,4,NULL,0.00
18a349e75d307f4b4cc646a691ed4216,auto,1595.65,16,18,NULL,0.00
18a349e75d307f4b4cc646a691ed4216,cine_photo,40.00,1,4,NULL,0.00
18a349e75d307f4b4cc646a691ed4216,computers_accessories,1282.78,21,21,NULL,9.52
18a349e75d307f4b4cc646a691ed4216,consoles_games,106.53,2,2,NULL,50.00
18a349e75d307f4b4cc646a691ed4216,construction_tools_construction,18.30,2,3,NULL,0.00
18a349e75d307f4b4cc646a691ed4216,construction_tools_safety,534.90,11,11,NULL,9.09
18a349e75d307f4b4cc646a691ed4216,cool_stuff,621.96,8,12,5.00,0.00
18a349e75d307f4b4cc646a691ed4216,electronics,230.00,4,4,NULL,0.00
18a349e75d307f4b4cc646a691ed4216,fixed_telephony,1620.98,8,13,NULL,0.00
18a349e75d307f4b4cc646a691ed4216,furniture_decor,96.00,1,3,NULL,0.00
18a349e75d307f4b4cc646a691ed4216,garden_tools,138.89,1,1,NULL,0.00
18a349e75d307f4b4cc646a691ed4216,home_construction,89.15,2,3,NULL,0.00
18a349e75d307f4b4cc646a691ed4216,musical_instruments,48.00,1,1,NULL,100.00
18a349e75d307f4b4cc646a691ed4216,sports_leisure,182.32,1,1,NULL,0.00
18a349e75d307f4b4cc646a691ed4216,telephony,637.19,25,25,NULL,4.00
18e694e0e48ed6f7aa3f24aade5fd697,computers_accessories,623.77,27,29,NULL,3.45
18e694e0e48ed6f7aa3f24aade5fd697,cool_stuff,17.80,1,2,NULL,0.00
18e694e0e48ed6f7aa3f24aade5fd697,health_beauty,59.97,3,3,NULL,0.00
1900267e848ceeba8fa32d80c1a5f5a8,bed_bath_table,23785.67,400,513,NULL,6.63
1900267e848ceeba8fa32d80c1a5f5a8,home_confort,597.94,2,6,NULL,0.00
1900267e848ceeba8fa32d80c1a5f5a8,pet_shop,255.96,4,4,NULL,0.00
191d55f7edb8524d525ed01b20fe32e8,furniture_mattress_and_upholstery,747.00,3,3,NULL,33.33
1927cdb9fa74f5270097f6250e8e8f34,drinks,120.00,1,1,NULL,0.00
19484c79cef6c062cb177aa4ef2fcc3c,perfumery,201.90,1,1,NULL,100.00
1961c3e1272bfeceb05d0b78b5bbfdaf,pc_gamer,657.00,2,3,NULL,0.00
1976a05ecf2996d6ffb7b5430e635fe7,cool_stuff,349.80,1,1,NULL,0.00
1976a05ecf2996d6ffb7b5430e635fe7,furniture_decor,179.40,3,3,NULL,0.00
1976a05ecf2996d6ffb7b5430e635fe7,home_appliances,997.60,2,2,NULL,50.00
1976a05ecf2996d6ffb7b5430e635fe7,housewares,269.40,2,3,NULL,33.33
1987cd4be10fe09ee50454f9c354d1c6,pet_shop,2877.70,14,16,NULL,6.25
198c7ea11960a9844b544d9bcdca860c,auto,1514.88,12,12,NULL,16.67
198c7ea11960a9844b544d9bcdca860c,small_appliances,218.87,13,13,NULL,0.00
1996942dc085d7773ba77a529b163cd0,market_place,134.89,1,1,NULL,0.00
1996942dc085d7773ba77a529b163cd0,watches_gifts,2248.63,8,8,NULL,0.00
19a7c9f66ffa6452ff4b4c0cca71da27,furniture_decor,279.00,1,1,NULL,0.00
19d62d484cba71963c93f0f00ab42013,furniture_decor,139.90,1,1,NULL,0.00
19e0f40a907ec568c34bfac15de4f4a1,housewares,178.00,4,4,NULL,0.00
1a3df491d1c4f1589fc2b934ada68bf2,bed_bath_table,22472.40,160,171,NULL,3.51
1a8e2d9c38b84a9702ac7922924b0573,unknown,80.00,1,1,NULL,0.00
1a932caad4f9d804097d7f8e615baed1,construction_tools_construction,4661.00,20,30,4.00,10.00
1acde099eb406aa220b1169b188b42da,furniture_decor,311.10,9,10,NULL,0.00
1b0b0f4f95e962d6f32fe90c759d0479,health_beauty,139.80,2,2,NULL,0.00
1b1ae47a313a825a7ccceb8e2e30fa9d,cool_stuff,339.90,1,1,NULL,0.00
1b1ae47a313a825a7ccceb8e2e30fa9d,kitchen_dining_laundry_garden_furniture,519.90,1,1,NULL,0.00
1b1ae47a313a825a7ccceb8e2e30fa9d,sports_leisure,519.60,4,4,NULL,0.00
1b1ae47a313a825a7ccceb8e2e30fa9d,toys,804.60,4,4,NULL,0.00
1b45169b635ef59425637e9a33eb5fb3,auto,33.00,2,2,NULL,0.00
1b45169b635ef59425637e9a33eb5fb3,drinks,43.90,1,1,NULL,0.00
1b45169b635ef59425637e9a33eb5fb3,housewares,196.00,4,4,NULL,0.00
1b45169b635ef59425637e9a33eb5fb3,toys,36.00,1,1,NULL,0.00
1b4b28463457a256e9a784ebe2a8f630,auto,699.42,1,1,NULL,100.00
1b4c3a6f53068f0b6944d2d005c9fc89,computers_accessories,684.70,3,3,NULL,0.00
1b4c3a6f53068f0b6944d2d005c9fc89,costruction_tools_garden,384.50,4,5,NULL,0.00
1b4c3a6f53068f0b6944d2d005c9fc89,garden_tools,674.60,4,4,NULL,0.00
1b4c3a6f53068f0b6944d2d005c9fc89,health_beauty,269.70,3,3,NULL,0.00
1b4c3a6f53068f0b6944d2d005c9fc89,housewares,9541.31,56,59,NULL,3.39
1b4c3a6f53068f0b6944d2d005c9fc89,perfumery,54.90,1,1,NULL,0.00
1b4c3a6f53068f0b6944d2d005c9fc89,sports_leisure,119.90,1,1,NULL,0.00
1b4c3a6f53068f0b6944d2d005c9fc89,stationery,751.84,7,7,NULL,0.00
1b4c3a6f53068f0b6944d2d005c9fc89,telephony,1939.05,32,32,NULL,9.38
1b61fb1f0f2185d89e9a126c498e9cc7,furniture_decor,49.70,1,1,NULL,0.00
1b65c144b17e607c0f37f10bb7dfec8d,construction_tools_construction,1109.50,5,5,NULL,0.00
1b7e5006cb25dd23ce8686691013b121,health_beauty,2636.74,11,11,NULL,18.18
1b8356dabde1d35e17cef975c3f82730,fashion_bags_accessories,224.97,3,3,NULL,0.00
1b8356dabde1d35e17cef975c3f82730,furniture_decor,631.85,14,15,NULL,0.00
1b8356dabde1d35e17cef975c3f82730,garden_tools,319.96,4,4,NULL,0.00
1b8356dabde1d35e17cef975c3f82730,sports_leisure,1459.70,28,30,NULL,3.33
1b8356dabde1d35e17cef975c3f82730,unknown,729.92,6,8,NULL,0.00
1b8b75e227c9a9c100d0c210fb6176ce,fashion_bags_accessories,964.89,11,11,NULL,9.09
1b8b75e227c9a9c100d0c210fb6176ce,unknown,479.98,4,4,NULL,0.00
1b938a7ec6ac5061a66a3766e0e75f90,baby,724.80,11,12,NULL,0.00
1b938a7ec6ac5061a66a3766e0e75f90,cool_stuff,349.40,4,5,NULL,0.00
1b938a7ec6ac5061a66a3766e0e75f90,kitchen_dining_laundry_garden_furniture,356.40,6,6,NULL,0.00
1b938a7ec6ac5061a66a3766e0e75f90,musical_instruments,1599.70,3,3,NULL,0.00
1b938a7ec6ac5061a66a3766e0e75f90,pet_shop,289.90,1,1,NULL,0.00
1b938a7ec6ac5061a66a3766e0e75f90,toys,539.60,4,4,5.00,0.00
1bb2bdb95f4841f1bba2c0d2cd83d3c9,books_general_interest,1173.95,35,36,NULL,8.33
1bb2bdb95f4841f1bba2c0d2cd83d3c9,books_imported,511.90,8,8,3.00,0.00
1bb2bdb95f4841f1bba2c0d2cd83d3c9,books_technical,2582.21,15,15,NULL,6.67
1bb2bdb95f4841f1bba2c0d2cd83d3c9,market_place,562.79,21,21,NULL,4.76
1bb2bdb95f4841f1bba2c0d2cd83d3c9,music,74.91,3,3,NULL,0.00
1bb3812d5f0747a3ab7348f199001a10,sports_leisure,834.40,9,9,NULL,0.00
1bc2e21de46adfea6b98cc96b00f3b40,cool_stuff,1039.95,3,5,NULL,0.00
1c129092bf23f28a5930387c980c0dfc,bed_bath_table,9369.92,197,216,5.00,4.17
1c129092bf23f28a5930387c980c0dfc,fashion_male_clothing,158.70,3,3,NULL,0.00
1c40343cc5d18c2d8248ac2f3366de34,computers,34.50,1,1,NULL,0.00
1c40343cc5d18c2d8248ac2f3366de34,construction_tools_construction,74.99,1,1,NULL,0.00
1c40343cc5d18c2d8248ac2f3366de34,health_beauty,117.80,2,2,NULL,50.00
1c40343cc5d18c2d8248ac2f3366de34,housewares,224.96,3,4,NULL,0.00
1c40343cc5d18c2d8248ac2f3366de34,perfumery,1353.37,11,11,NULL,9.09
1c40343cc5d18c2d8248ac2f3366de34,signaling_and_security,639.80,2,2,NULL,0.00
1c40343cc5d18c2d8248ac2f3366de34,sports_leisure,15.99,1,1,NULL,0.00
1c56ffe0e9dea2657fc6e95b53f40b13,perfumery,183.00,3,3,NULL,0.00
1c5e4e49b9079480255b49d50aac1aa9,baby,187.00,1,1,NULL,0.00
1c5e4e49b9079480255b49d50aac1aa9,bed_bath_table,9769.32,10,10,NULL,0.00
1c5e4e49b9079480255b49d50aac1aa9,pet_shop,216.79,1,1,NULL,0.00
1c68394e931a64f90ea236c5ea590300,computers_accessories,22300.17,126,155,NULL,3.87
1c68394e931a64f90ea236c5ea590300,cool_stuff,2532.58,16,16,NULL,0.00
1c742ac33582852aaf3bcfbf5893abcf,sports_leisure,97.90,1,1,NULL,0.00
1c83418358f249c9d6affa52d579db0e,music,24.90,1,1,NULL,0.00
1ca4bdb0cd7fc48e949bac066188ed26,office_furniture,1140.00,3,3,NULL,33.33
1ca7077d890b907f89be8c954a02686a,telephony,1084.99,23,28,NULL,10.71
1ca7077d890b907f89be8c954a02686a,toys,1011.78,17,22,NULL,9.09
1ca7077d890b907f89be8c954a02686a,unknown,10377.87,68,77,NULL,18.18
1caf283236cd69af44cbc09a0a1e7d32,art,135.78,4,4,NULL,0.00
1caf283236cd69af44cbc09a0a1e7d32,arts_and_craftmanship,21.99,1,1,NULL,0.00
1caf283236cd69af44cbc09a0a1e7d32,stationery,206.13,6,7,NULL,28.57
1caf283236cd69af44cbc09a0a1e7d32,toys,553.70,24,25,NULL,8.00
1cbcd2ee0afb3fc09963b87eb65e7e4f,perfumery,90.00,1,3,NULL,0.00
1cbd32d00d01bb8087a5eb088612fd9c,baby,162.52,1,1,NULL,0.00
1cbd32d00d01bb8087a5eb088612fd9c,computers_accessories,138.23,1,1,NULL,0.00
1cbd32d00d01bb8087a5eb088612fd9c,health_beauty,522.00,6,6,NULL,16.67
1cbd32d00d01bb8087a5eb088612fd9c,housewares,49.24,1,2,NULL,0.00
1cbd32d00d01bb8087a5eb088612fd9c,stationery,173.48,2,2,NULL,0.00
1cbd50a8c52e6cf8e315c5709fab386f,audio,68.99,1,1,NULL,0.00
1cbd50a8c52e6cf8e315c5709fab386f,auto,439.80,2,2,NULL,0.00
1cbd50a8c52e6cf8e315c5709fab386f,computers_accessories,135.80,2,2,NULL,0.00
1cbd50a8c52e6cf8e315c5709fab386f,consoles_games,46.69,1,1,NULL,0.00
1cbd50a8c52e6cf8e315c5709fab386f,telephony,94.69,3,3,NULL,33.33
1cbdc7cf130a41fd13a3c2a7d2fcfda7,bed_bath_table,165.80,2,2,NULL,0.00
1cd9e0cc1839d55516843def5600816d,bed_bath_table,825.00,5,5,NULL,0.00
1ce3ae5a399804d1a87e706f8a813c3e,furniture_decor,2563.00,40,44,NULL,6.82
1d0646a72178a6fb37ee8082140e06ec,health_beauty,30.50,1,1,NULL,0.00
1d0646a72178a6fb37ee8082140e06ec,perfumery,30.50,1,1,NULL,0.00
1d0997ff06b524ce9289ffd75114ecd3,auto,1748.00,2,2,NULL,50.00
1d0997ff06b524ce9289ffd75114ecd3,computers_accessories,1999.00,1,1,NULL,0.00
1d139e3a3b14025640d8df1b230aace0,sports_leisure,36.49,2,2,NULL,0.00
1d1bbb8ac1581824986f582583fff01d,health_beauty,115.48,3,3,NULL,33.33
1d1bbb8ac1581824986f582583fff01d,perfumery,51.40,1,1,NULL,0.00
1d2732ef8321502ee8488e8bed1ab8cd,computers_accessories,1148.00,4,5,NULL,20.00
1d29dfba02015238dfbe2449a5eaa361,perfumery,612.80,12,12,NULL,8.33
1d4587203296c8f4ad134dc286fa6db0,auto,2287.50,40,41,NULL,2.44
1d503743d2526f03f0c2c89540ee008c,auto,137.54,5,7,NULL,0.00
1d503743d2526f03f0c2c89540ee008c,computers_accessories,126.55,2,5,NULL,20.00
1d503743d2526f03f0c2c89540ee008c,housewares,21.99,1,1,NULL,0.00
1d503743d2526f03f0c2c89540ee008c,telephony,49.99,1,1,NULL,0.00
1d503743d2526f03f0c2c89540ee008c,watches_gifts,179.97,3,3,NULL,0.00
1d8dbc4f32378d715c717c1c1fc57bae,baby,11205.99,91,97,NULL,8.25
1d953075c2f0dd990bacf27b83b330f1,computers_accessories,59.00,1,1,NULL,0.00
1da366cade6d8276e7d8beea7af5d4bf,furniture_decor,1418.19,31,36,NULL,2.78
1da366cade6d8276e7d8beea7af5d4bf,furniture_living_room,4734.60,9,10,NULL,20.00
1da366cade6d8276e7d8beea7af5d4bf,office_furniture,195.80,2,2,NULL,0.00
1da3aeb70d7989d1e6d9b0e887f97c23,air_conditioning,94.98,2,2,NULL,0.00
1da3aeb70d7989d1e6d9b0e887f97c23,auto,190.94,6,6,NULL,0.00
1da3aeb70d7989d1e6d9b0e887f97c23,baby,135.98,2,2,NULL,0.00
1da3aeb70d7989d1e6d9b0e887f97c23,bed_bath_table,35.99,1,1,NULL,0.00
1da3aeb70d7989d1e6d9b0e887f97c23,computers_accessories,139.96,4,4,NULL,0.00
1da3aeb70d7989d1e6d9b0e887f97c23,construction_tools_lights,299.94,2,6,NULL,0.00
1da3aeb70d7989d1e6d9b0e887f97c23,cool_stuff,284.77,8,23,NULL,0.00
1da3aeb70d7989d1e6d9b0e887f97c23,electronics,99.96,4,4,NULL,25.00
1da3aeb70d7989d1e6d9b0e887f97c23,fashion_bags_accessories,668.72,27,29,NULL,6.90
1da3aeb70d7989d1e6d9b0e887f97c23,furniture_decor,741.58,35,43,NULL,0.00
1da3aeb70d7989d1e6d9b0e887f97c23,garden_tools,49.99,1,1,NULL,0.00
1da3aeb70d7989d1e6d9b0e887f97c23,health_beauty,811.94,25,25,NULL,12.00
1da3aeb70d7989d1e6d9b0e887f97c23,housewares,118.90,7,10,NULL,10.00
1da3aeb70d7989d1e6d9b0e887f97c23,luggage_accessories,164.48,3,3,NULL,33.33
1da3aeb70d7989d1e6d9b0e887f97c23,perfumery,31.98,2,2,NULL,0.00
1da3aeb70d7989d1e6d9b0e887f97c23,pet_shop,47.98,2,2,NULL,0.00
1da3aeb70d7989d1e6d9b0e887f97c23,sports_leisure,2901.33,61,75,NULL,2.67
1da3aeb70d7989d1e6d9b0e887f97c23,stationery,595.66,26,34,NULL,2.94
1da3aeb70d7989d1e6d9b0e887f97c23,telephony,119.98,2,2,NULL,50.00
1da3aeb70d7989d1e6d9b0e887f97c23,toys,1147.51,41,49,NULL,2.04
1da3aeb70d7989d1e6d9b0e887f97c23,watches_gifts,8.99,1,1,NULL,0.00
1dc2de47ee26a0a5b12dc14fd6dc0dea,bed_bath_table,1670.30,25,27,NULL,3.70
1dcfa3835714681d4ba4a93bc1e0fd41,furniture_living_room,1186.60,12,14,NULL,0.00
1dd33b8119b3cb1056ed5dc88cd0aaf4,musical_instruments,1513.00,8,8,NULL,12.50
1de62b6f2fd96227629786db492433db,sports_leisure,208.80,2,2,NULL,0.00
1dfe5347016252a7884b694d4f10f5c4,bed_bath_table,1531.90,19,25,NULL,24.00
1dfe5347016252a7884b694d4f10f5c4,unknown,100.60,1,1,NULL,0.00
1e26c56af8d48424e1df0140a2401f83,construction_tools_construction,199.00,1,1,NULL,0.00
1e26c56af8d48424e1df0140a2401f83,electronics,59.90,1,1,NULL,0.00
1e47d8b6546eb3a77b1acddcc9406242,fashio_female_clothing,149.90,1,1,NULL,0.00
1e47defeeadeca0e9a18fa5a9311e735,auto,40.52,1,1,NULL,0.00
1e47defeeadeca0e9a18fa5a9311e735,sports_leisure,193.60,2,2,NULL,0.00
1e483cc5c76fef08d3ca05f9a8af7d01,fashion_underwear_beach,41.30,6,7,NULL,0.00
1e483cc5c76fef08d3ca05f9a8af7d01,housewares,79.80,2,2,NULL,0.00
1e483cc5c76fef08d3ca05f9a8af7d01,stationery,44.99,1,1,NULL,0.00
1e8b33f18b4f7598d87f5cbee2282cc2,bed_bath_table,17233.56,122,139,NULL,2.88
1e8c6a4c538f286aee9573239740a4b4,baby,109.50,2,2,NULL,0.00
1e8c6a4c538f286aee9573239740a4b4,furniture_decor,140.20,2,2,NULL,0.00
1e8c6a4c538f286aee9573239740a4b4,housewares,110.00,1,1,NULL,0.00
1e9d5a33694bddb76316fd1f54734d20,furniture_bedroom,318.00,2,2,NULL,0.00
1eade46fba20122dc4aefb379f8c636b,health_beauty,3635.37,58,75,NULL,12.00
1f1bb1f0859883505541bdd6606193e5,fashion_bags_accessories,13482.84,25,27,NULL,11.11
1f1bb1f0859883505541bdd6606193e5,unknown,1159.00,1,1,NULL,0.00
1f1bb1f0859883505541bdd6606193e5,watches_gifts,1399.00,1,1,NULL,0.00
1f2eebc0e970fd3c463e4f5d9652687a,books_technical,44.99,1,1,NULL,100.00
1f50f920176fa81dab994f9023523100,baby,3533.80,27,42,NULL,9.52
1f50f920176fa81dab994f9023523100,garden_tools,102849.61,1373,1877,5.00,7.78
1f50f920176fa81dab994f9023523100,signaling_and_security,272.30,3,7,NULL,0.00
1f7dfad2cb384ea4d2d7e1ffbd78c407,baby,49.00,1,1,NULL,0.00
1f7fd2a6fcd5a6fa5d8a4dabc72aaae0,housewares,531.80,3,3,NULL,0.00
1f867308a0ce13133a4e639ff4de0c02,housewares,875.10,7,13,NULL,0.00
1f9ab4708f3056ede07124aad39a2554,baby,13312.93,76,77,NULL,5.19
1fa2d3def6adfa70e58c276bb64fe5bb,housewares,6.90,1,1,NULL,0.00
1fbe10c70e30765ed1de86d9f7e98409,housewares,98.75,2,6,NULL,0.00
1fdc574883ef3b33ad41562d93f3a74a,auto,4251.00,18,18,NULL,5.56
1fe5540d7c1c37a595fefbacd5570d9e,computers_accessories,4537.60,20,25,NULL,4.00
1fe61aa5494bd3ae92a2c13e067c810f,auto,537.76,1,2,NULL,0.00
2009a095de2a2a41626f6c6d7722678d,computers_accessories,332.10,5,9,NULL,0.00
2009a095de2a2a41626f6c6d7722678d,stationery,56.79,3,3,NULL,0.00
2039c5e51785b5dde7cf93ccb3b7be2c,housewares,159.90,1,1,NULL,0.00
204b4e07bddef3c9b317f70189135b22,bed_bath_table,73.40,1,1,NULL,0.00
2059c39f76271d4ca3f15b5ffaccc8b8,books_general_interest,588.90,11,11,NULL,0.00
2059c39f76271d4ca3f15b5ffaccc8b8,unknown,16.00,1,1,NULL,0.00
20611af7866c6068fd5ae1f9dbe15c92,baby,109.90,1,1,NULL,0.00
20611af7866c6068fd5ae1f9dbe15c92,construction_tools_lights,109.90,1,1,NULL,0.00
2063dd1b9f568df1c16741ea7d3e6adb,furniture_decor,763.10,3,3,NULL,0.00
2075d8cd4dd63ff12df0749a5866bb06,bed_bath_table,184.70,3,3,NULL,0.00
2089a6d640999f9b9141ac719b2af596,health_beauty,429.90,4,4,NULL,0.00
2089a6d640999f9b9141ac719b2af596,perfumery,4299.44,12,12,NULL,33.33
2089a6d640999f9b9141ac719b2af596,sports_leisure,2946.68,25,25,NULL,4.00
20a7efa9721046319bdde5d60b6b5365,sports_leisure,51.70,1,1,NULL,0.00
20a7efa9721046319bdde5d60b6b5365,unknown,449.50,2,5,NULL,0.00
20a8b0dc55da94fe74d112082427c84f,baby,289.40,6,6,NULL,16.67
20a8b0dc55da94fe74d112082427c84f,housewares,118.00,1,1,NULL,0.00
20b54c376b794ed028df09a3cd88e8dc,audio,137.20,1,1,NULL,100.00
20b54c376b794ed028df09a3cd88e8dc,fixed_telephony,451.15,4,4,NULL,25.00
20b54c376b794ed028df09a3cd88e8dc,health_beauty,339.52,2,2,NULL,0.00
20cb7c2fde3e5bf10f0bbe7394e1c6a9,furniture_decor,845.00,31,50,NULL,10.00
20d53aad4fe5ee93a64f8839609d3586,garden_tools,14.50,1,1,NULL,100.00
20d83f3ef0e6925fd74bfd59170babf7,fashion_bags_accessories,2903.60,40,54,5.00,3.70
20f0aeea30bc3b8c4420be8ced4226c0,bed_bath_table,14.90,1,1,NULL,100.00
2138ccb85b11a4ec1e37afbd1c8eda1f,auto,383.91,9,9,NULL,0.00
2138ccb85b11a4ec1e37afbd1c8eda1f,computers_accessories,159.60,2,4,NULL,0.00
2138ccb85b11a4ec1e37afbd1c8eda1f,dvds_blu_ray,159.96,2,4,NULL,0.00
2138ccb85b11a4ec1e37afbd1c8eda1f,fixed_telephony,1032.01,35,36,NULL,5.56
2138ccb85b11a4ec1e37afbd1c8eda1f,music,27.99,1,1,NULL,0.00
2138ccb85b11a4ec1e37afbd1c8eda1f,pc_gamer,649.95,5,5,NULL,0.00
2138ccb85b11a4ec1e37afbd1c8eda1f,telephony,9650.81,333,359,5.00,4.74
2138ccb85b11a4ec1e37afbd1c8eda1f,unknown,24.99,1,1,NULL,0.00
213b25e6f54661939f11710a6fddb871,construction_tools_lights,709.05,7,9,NULL,33.33
213b25e6f54661939f11710a6fddb871,home_construction,13645.95,136,172,NULL,6.40
213b25e6f54661939f11710a6fddb871,signaling_and_security,750.95,9,9,NULL,0.00
213fafb0ca06fb3d5886579c2565791b,cine_photo,34.90,1,1,NULL,0.00
213fafb0ca06fb3d5886579c2565791b,computers_accessories,109.90,1,1,NULL,0.00
213fafb0ca06fb3d5886579c2565791b,cool_stuff,44.90,1,1,NULL,0.00
2156f2671501a81034d7d07f217609d0,computers_accessories,939.90,14,14,NULL,21.43
2156f2671501a81034d7d07f217609d0,construction_tools_construction,72.00,1,1,NULL,0.00
2156f2671501a81034d7d07f217609d0,garden_tools,1397.70,5,5,NULL,0.00
2156f2671501a81034d7d07f217609d0,housewares,499.90,1,1,NULL,0.00
217f005bb37ff3aeef5b2ae1788e75ba,fashion_sport,49.98,2,2,NULL,0.00
218d46b86c1881d022bce9c68a7d4b15,bed_bath_table,565.00,2,5,NULL,40.00
218d46b86c1881d022bce9c68a7d4b15,diapers_and_hygiene,472.00,12,12,NULL,0.00
218d46b86c1881d022bce9c68a7d4b15,sports_leisure,52673.30,368,403,5.00,8.19
218f991754f360af9c2daa5e0b8e990c,housewares,3554.32,14,17,NULL,11.76
2199e7fe213c16213bf5d6a7eadc9a5d,air_conditioning,1174.60,4,5,NULL,0.00
2199e7fe213c16213bf5d6a7eadc9a5d,bed_bath_table,451.50,5,6,NULL,0.00
2199e7fe213c16213bf5d6a7eadc9a5d,cool_stuff,420.07,1,1,NULL,0.00
2199e7fe213c16213bf5d6a7eadc9a5d,furniture_decor,677.80,6,9,NULL,11.11
2199e7fe213c16213bf5d6a7eadc9a5d,garden_tools,157.90,1,1,NULL,0.00
2199e7fe213c16213bf5d6a7eadc9a5d,housewares,862.80,6,7,NULL,0.00
2199e7fe213c16213bf5d6a7eadc9a5d,signaling_and_security,22.62,1,1,NULL,0.00
21c62b998a043ebe31161d38f84929fc,auto,750.49,4,4,NULL,0.00
21d59342ba150175ca2aa4f8faddeca6,health_beauty,259.90,2,2,NULL,0.00
21e83881401b92b49fb09a16d3852291,furniture_decor,479.96,4,4,NULL,0.00
21e83881401b92b49fb09a16d3852291,garden_tools,2629.10,8,9,NULL,0.00
2235cf78d3e2073a88146a9cb60f0dd0,furniture_living_room,178.99,1,1,NULL,0.00
226b05fe067266c59c15dae208213d06,pet_shop,83.90,1,1,NULL,0.00
226b05fe067266c59c15dae208213d06,unknown,973.00,9,10,NULL,0.00
228e4c1a0be164f613d41c24345f9d2c,housewares,539.70,5,5,NULL,0.00
229c3efbfb0ea2058de4ccdfbc3d784a,computers_accessories,15479.00,118,145,NULL,2.07
22a23e5ac7061fc538cc2a019afaaf16,food_drink,95.00,1,1,NULL,0.00
22c32ec35d0116ef02c281798a25bf8b,sports_leisure,72.00,2,4,NULL,0.00
22c32ec35d0116ef02c281798a25bf8b,unknown,47.58,2,2,NULL,0.00
2305ab43e846518f58dd9d59f3f54e96,perfumery,788.89,3,3,NULL,0.00
232a6014e7b10cba61c6c2b2ea6bb4b0,pet_shop,3819.97,32,35,NULL,2.86
23613d49c3ac2bd302259e55c06c050c,furniture_decor,3965.60,64,74,NULL,8.11
23613d49c3ac2bd302259e55c06c050c,unknown,227.50,5,5,NULL,20.00
236585a4ddb5fea9fa40233e2249ed91,auto,209.97,3,3,NULL,33.33
236585a4ddb5fea9fa40233e2249ed91,computers_accessories,439.56,8,8,NULL,0.00
2379bdc3888025689a9deb7b141507d5,health_beauty,15.80,2,2,NULL,50.00
2379bdc3888025689a9deb7b141507d5,perfumery,983.70,7,7,NULL,14.29
238fac594e170b59c6d228f5a4f4f1d9,pet_shop,3126.00,29,30,NULL,13.33
23a0ffca143a15b9b5bbdb7d552f626a,garden_tools,3668.52,22,23,1.00,13.04
23a0ffca143a15b9b5bbdb7d552f626a,housewares,49.99,1,1,NULL,0.00
23c38debaffe4a25a30fdbd9b586a13f,auto,350.23,3,5,NULL,0.00
23c38debaffe4a25a30fdbd9b586a13f,construction_tools_construction,289.00,1,1,NULL,0.00
23c38debaffe4a25a30fdbd9b586a13f,costruction_tools_tools,698.25,3,3,NULL,0.00
23c38debaffe4a25a30fdbd9b586a13f,garden_tools,3368.73,30,33,NULL,12.12
23c38debaffe4a25a30fdbd9b586a13f,industry_commerce_and_business,589.47,3,3,NULL,33.33
23c38debaffe4a25a30fdbd9b586a13f,signaling_and_security,86.50,1,1,NULL,0.00
23ca5f678e0b3ea6c630b30fa8bf51ea,home_appliances,183.00,6,7,NULL,0.00
23d7c96d4a1160db1c726b248601b25a,air_conditioning,894.94,4,5,NULL,0.00
23d7c96d4a1160db1c726b248601b25a,baby,342.70,3,3,NULL,0.00
23d7c96d4a1160db1c726b248601b25a,consoles_games,38.90,1,1,NULL,0.00
23d7c96d4a1160db1c726b248601b25a,cool_stuff,2197.60,13,14,NULL,14.29
23d7c96d4a1160db1c726b248601b25a,home_appliances,119.90,1,1,NULL,0.00
23d7c96d4a1160db1c726b248601b25a,home_appliances_2,2009.70,3,3,NULL,33.33
23d7c96d4a1160db1c726b248601b25a,housewares,89.90,1,1,NULL,0.00
23d7c96d4a1160db1c726b248601b25a,small_appliances,3175.80,12,12,NULL,8.33
23d7c96d4a1160db1c726b248601b25a,small_appliances_home_oven_and_coffee,214.90,1,1,NULL,0.00
23d7c96d4a1160db1c726b248601b25a,stationery,148.80,2,2,NULL,0.00
23d7c96d4a1160db1c726b248601b25a,toys,1425.10,9,9,NULL,11.11
23ff42c4bf1f8f16cddb19d8b972974a,sports_leisure,174.70,2,3,NULL,0.00
240b9776d844d37535668549a396af32,air_conditioning,309.89,2,2,NULL,0.00
240b9776d844d37535668549a396af32,home_appliances_2,499.99,1,1,NULL,0.00
240b9776d844d37535668549a396af32,housewares,509.38,8,8,NULL,0.00
240b9776d844d37535668549a396af32,small_appliances,289.99,1,1,NULL,0.00
240b9776d844d37535668549a396af32,telephony,11722.84,23,23,NULL,4.35
244b04680fdbded0acf5aebd9c92b44a,musical_instruments,1701.80,2,2,NULL,50.00
244c2f1bff6afe1f2eaf9bfe9b2aed38,furniture_decor,2580.00,23,27,NULL,14.81
247587846358bb1d2e4c6522020b36fe,pet_shop,99.00,1,1,NULL,0.00
2493dc3f20131696a0ecdb9948051a8d,cool_stuff,504.38,4,4,NULL,0.00
249f0e9905a6e06ad6c6bea7547ab9f6,art,278.00,2,2,NULL,0.00
249f0e9905a6e06ad6c6bea7547ab9f6,pet_shop,69.95,1,1,NULL,0.00
24a6daf925d9d591870a66660416de31,books_general_interest,60.00,2,2,NULL,0.00
24c1de8d9551c0b4fbc53317d53efda8,sports_leisure,355.00,1,1,NULL,0.00
2528513dd95219a6013d4d05176e391a,bed_bath_table,5119.20,63,67,NULL,2.99
2528513dd95219a6013d4d05176e391a,home_confort,26475.00,93,95,NULL,5.26
2528513dd95219a6013d4d05176e391a,kitchen_dining_laundry_garden_furniture,1066.00,4,4,NULL,0.00
2528744c5ef5d955adc318720a94d2e7,agro_industry_and_commerce,6245.00,5,5,NULL,0.00
252e76235acb79183cfca6e34f13337d,auto,57.20,1,1,NULL,0.00
252e76235acb79183cfca6e34f13337d,furniture_decor,204.00,2,3,NULL,0.00
253c025bab43881055aeecde5e2d8b77,housewares,94.82,2,2,NULL,50.00
253f95b3a0e6983ae18aed49fbc2b845,auto,799.50,5,5,NULL,0.00
257e61d3251fb5efb9daadddbc2cf7ca,baby,7510.00,11,11,NULL,0.00
257e61d3251fb5efb9daadddbc2cf7ca,food,219.00,1,1,NULL,0.00
258447aad3f7b01e2643c89f64dc5647,health_beauty,51.90,1,1,NULL,0.00
259f7b5e6e482c230e5bfaa670b6bb8f,bed_bath_table,7782.84,128,153,NULL,1.31
259f7b5e6e482c230e5bfaa670b6bb8f,garden_tools,610.30,9,9,NULL,0.00
25be943a321c8938947bdaabca979a90,kitchen_dining_laundry_garden_furniture,479.00,3,3,NULL,0.00
25c5c91f63607446a97b143d2d535d31,computers_accessories,52787.08,152,259,NULL,6.18
25c5c91f63607446a97b143d2d535d31,unknown,1421.70,4,7,NULL,0.00
25cf099de44674fde97473224f9d59ab,auto,1654.36,50,50,NULL,4.00
25debeafbce801fdd479539350185eee,perfumery,159.96,3,4,NULL,0.00
25debeafbce801fdd479539350185eee,sports_leisure,77.89,2,2,NULL,0.00
25e47381a6c510ddeb36084e33b89f0c,bed_bath_table,1115.80,12,12,5.00,0.00
25e47381a6c510ddeb36084e33b89f0c,unknown,173.80,4,5,NULL,0.00
25e6ffe976bd75618accfe16cefcbd0d,baby,633.97,10,10,NULL,20.00
25e6ffe976bd75618accfe16cefcbd0d,books_general_interest,99.81,1,1,NULL,0.00
25e6ffe976bd75618accfe16cefcbd0d,cool_stuff,2666.84,9,15,NULL,0.00
25e6ffe976bd75618accfe16cefcbd0d,fashion_bags_accessories,350.50,4,4,NULL,0.00
25e6ffe976bd75618accfe16cefcbd0d,housewares,15.00,1,1,NULL,0.00
25e6ffe976bd75618accfe16cefcbd0d,toys,7786.50,81,84,NULL,1.19
262237171f48e85819065498cac80d7b,sports_leisure,599.00,4,10,NULL,0.00
2646baaf662d4d92ac48f047e35db92d,auto,643.80,8,10,NULL,0.00
2646baaf662d4d92ac48f047e35db92d,costruction_tools_tools,438.00,1,2,NULL,0.00
2646baaf662d4d92ac48f047e35db92d,garden_tools,31.20,1,1,NULL,100.00
2646baaf662d4d92ac48f047e35db92d,signaling_and_security,150.05,5,5,NULL,0.00
26562f211dd1364af2a8596dc945e8ae,bed_bath_table,37.00,1,1,NULL,0.00
26562f211dd1364af2a8596dc945e8ae,furniture_decor,62.00,1,1,NULL,0.00
265fdc289dffa9f1ad801c74f7d0de47,furniture_bedroom,495.00,1,1,NULL,0.00
26785a546900236d66f2e4197c211158,consoles_games,1019.20,15,15,NULL,0.00
269c5fc9fcadee614364c3620c30a1f9,luggage_accessories,209.60,3,6,NULL,0.00
269cff2d3c8d205c11f37a52402ea93b,agro_industry_and_commerce,721.69,3,4,NULL,0.00
269cff2d3c8d205c11f37a52402ea93b,health_beauty,559.90,1,1,NULL,0.00
26af45f5dfd967225a832838aa4e24a3,auto,573.10,10,11,NULL,0.00
26b482dccfa29bd2e40703ba45523702,health_beauty,62.90,1,1,NULL,0.00
26b482dccfa29bd2e40703ba45523702,pet_shop,281.88,2,3,NULL,0.00
26bad72add1f86e08a776ce4ffdaf1ca,food_drink,622.00,7,7,NULL,0.00
26d6bbee02420494d471c9f6436929c0,auto,311.72,9,10,NULL,0.00
26d6bbee02420494d471c9f6436929c0,cine_photo,6.80,1,1,NULL,0.00
26d6bbee02420494d471c9f6436929c0,construction_tools_safety,90.50,1,1,NULL,0.00
26d6bbee02420494d471c9f6436929c0,stationery,25.49,1,1,NULL,0.00
26d8a1c7c75d513045798992ead43aa2,health_beauty,255.96,3,4,NULL,25.00
26d8a1c7c75d513045798992ead43aa2,perfumery,5681.17,31,32,NULL,6.25
26e13b6ff5b641b329e5524241ee2c93,fashion_bags_accessories,89.80,3,3,NULL,0.00
26e13b6ff5b641b329e5524241ee2c93,fashion_shoes,29.90,1,1,NULL,0.00
26e2c91ef821e1ff8985f408788fe35b,bed_bath_table,1649.40,12,14,NULL,35.71
26e2e5033827d2ba53929f43e03d8ffe,furniture_decor,139.49,1,1,NULL,0.00
26f6b7ab07be3e9e69ce82a6552efc19,sports_leisure,29.90,1,1,NULL,100.00
26f6b7ab07be3e9e69ce82a6552efc19,stationery,24.90,1,1,NULL,0.00
270297ead4c65a6cd2593960d2af6b21,furniture_decor,8666.42,11,13,NULL,0.00
270297ead4c65a6cd2593960d2af6b21,garden_tools,365.98,2,2,NULL,0.00
270297ead4c65a6cd2593960d2af6b21,home_construction,312.00,4,4,NULL,0.00
270572bb714b00531be85e16e1550f26,bed_bath_table,96.99,1,1,NULL,0.00
2709af9587499e95e803a6498a5a56e9,health_beauty,769.80,16,36,1.00,58.33
2709af9587499e95e803a6498a5a56e9,perfumery,410.76,9,10,NULL,20.00
270d3ef21830ad0ecf3a6c53d08a533a,diapers_and_hygiene,471.00,5,17,NULL,0.00
271b8923c6a549e02d3c9fd1f8c0422b,construction_tools_construction,105.19,1,1,NULL,100.00
271c58a1d139c45eaf3316107c6d3a3b,baby,3597.63,27,27,NULL,7.41
272f092de69afedd4d2969440b37f18f,audio,49.90,1,1,NULL,0.00
272f092de69afedd4d2969440b37f18f,baby,99.80,2,2,NULL,0.00
272f092de69afedd4d2969440b37f18f,books_imported,99.00,1,2,NULL,0.00
272f092de69afedd4d2969440b37f18f,fashion_bags_accessories,1597.63,23,34,NULL,0.00
2745f798279e0ed033addcc1474776d7,sports_leisure,3668.53,32,32,NULL,9.38
276677b5d08786d5dce7c2149dcce48b,furniture_bedroom,53.00,1,2,NULL,0.00
276677b5d08786d5dce7c2149dcce48b,garden_tools,1128.40,6,6,NULL,0.00
276677b5d08786d5dce7c2149dcce48b,health_beauty,59.70,3,3,NULL,0.00
276677b5d08786d5dce7c2149dcce48b,housewares,1792.00,17,30,NULL,3.33
276677b5d08786d5dce7c2149dcce48b,musical_instruments,247.90,1,1,NULL,100.00
276677b5d08786d5dce7c2149dcce48b,toys,143.20,3,3,NULL,0.00
27a56ff04b34c2ba34ce6ba4d3b9d616,market_place,263.40,6,6,NULL,0.00
27a56ff04b34c2ba34ce6ba4d3b9d616,sports_leisure,85.89,2,2,NULL,50.00
282c7480173bb9c01dd41cc739fec010,cool_stuff,79.90,1,1,NULL,0.00
282c7480173bb9c01dd41cc739fec010,health_beauty,4194.30,5,7,NULL,14.29
282f23a9769b2690c5dda22e316f9941,costruction_tools_garden,26.84,1,1,NULL,0.00
282f23a9769b2690c5dda22e316f9941,food_drink,2448.60,56,56,3.00,1.79
282f23a9769b2690c5dda22e316f9941,garden_tools,1482.70,22,24,NULL,8.33
282f23a9769b2690c5dda22e316f9941,housewares,547.52,10,12,NULL,0.00
282f23a9769b2690c5dda22e316f9941,industry_commerce_and_business,942.16,6,7,NULL,14.29
